field_id,n_observations,years_covered,mean_ET,std_ET,cv_percent,trend_coefficient,trend_percent_per_period,trend_direction,persistence_lag1,persistence_class,yearly_variability,yearly_cv_percent,min_ET,max_ET,range_ET
0,100,25,74.39636363636365,43.50416246827556,58.47619472494148,-0.11688296102337545,-0.15710843287271248,stable,0.14983574609431105,low,22.22965229872735,29.880025329439462,15.818181818181818,190.0,174.1818181818182
1,100,25,58.99260869565218,30.15281498644538,51.112869312164655,-0.13507011570722288,-0.22896108291135409,stable,0.07605139645294996,low,13.581772130892968,23.022836981091093,7.695652173913044,120.69565217391305,113.0
2,100,25,68.44373015873016,45.36182029646148,66.27607845344103,-0.01893613170840892,-0.027666714926982354,stable,-0.12257136103784316,low,11.990004837846808,17.51804702934861,11.142857142857142,185.33333333333334,174.1904761904762
3,100,25,50.96345454545454,26.31789982514964,51.64072973443468,-0.018228622862286447,-0.035768028334947854,stable,0.09907266414134716,low,11.853259933086859,23.258352556369353,8.2,113.41818181818182,105.21818181818182
4,100,25,75.48952029520295,45.471457004482914,60.23545629468312,-0.07161164824969574,-0.09486303260327694,stable,0.07237061522974447,low,20.24980523682795,26.82465745926159,12.649446494464945,186.75276752767527,174.10332103321034
5,100,25,71.75875,40.836714696306075,56.9083417650197,-0.08404515451545223,-0.1171218207054223,stable,0.10373679573166703,low,19.116106020186223,26.63940776586301,12.0,167.0,155.0
6,100,25,73.85802631578946,43.06457008159174,58.30723108882392,-0.07985369589590553,-0.10811783076152186,stable,0.07457982247013768,low,19.371044022013116,26.227405453795544,12.394736842105264,172.21052631578948,159.81578947368422
7,100,25,62.6825,35.32533359715092,56.35597431045495,-0.07853285328532848,-0.12528672801073423,stable,0.1261563929375312,low,17.382513393494047,27.73104677301328,11.5,140.125,128.625
8,100,25,78.74505338078293,46.136416841631885,58.58960640807831,-0.06147493041119111,-0.07806830749599003,stable,0.07464025343462821,low,21.137431934936966,26.84286952314821,14.345195729537366,194.49110320284697,180.1459074733096
9,100,25,67.36363636363636,35.201172735911385,52.255452104591804,-0.08839593050214188,-0.1312220290855008,stable,0.017653675874126078,low,14.309082245578988,21.241552591277845,14.5,144.5,130.0
10,100,25,54.754651162790694,28.778398465273703,52.55881985205757,-0.02327521124205464,-0.04250819016790969,stable,0.15865469414339223,low,15.146212402287519,27.661964930168963,11.651162790697674,114.3953488372093,102.74418604651163
11,100,25,65.6,36.97924342715038,56.37079790724143,0.02815881588158778,0.04292502420973747,stable,0.03778569277982624,low,15.87959907134518,24.206705901440824,11.333333333333334,150.66666666666666,139.33333333333331
12,100,25,64.30205882352942,33.96633277522364,52.823087466671716,-0.04301000688304157,-0.06688744912675072,stable,0.1318508361201061,low,17.121831270496834,26.627189834599214,10.882352941176471,132.7941176470588,121.91176470588235
13,100,25,79.35047619047619,46.21179902100624,58.23758248164449,-0.002398335071602251,-0.003022458322550186,stable,0.040339835480293296,low,20.05425091139113,25.273006381527026,11.88888888888889,187.72222222222223,175.83333333333334
14,100,25,48.309000000000005,22.96792442371172,47.543779469067296,-0.003244124412441454,-0.006715362380594617,stable,0.07637974568273091,low,11.200235840770894,23.18457397331945,11.633333333333333,98.56666666666666,86.93333333333334
15,100,25,51.540526315789485,25.952523442583722,50.353625191121,-0.0255919276138146,-0.04965398967215143,stable,0.01431274979804626,low,10.180362486826718,19.75215081128878,8.824561403508772,135.21052631578948,126.38596491228071
16,100,25,51.242692307692295,26.075242284724812,50.88577728928292,-0.037504904336588096,-0.07319073734726082,stable,0.04833253962975761,low,10.800428293885432,21.07701177961745,8.307692307692308,134.75,126.4423076923077
17,100,25,54.02163636363636,29.4185533963498,54.45698312121537,-0.08346081880915342,-0.15449516976374578,stable,-0.0255645409285376,low,10.966205810776009,20.29965500667007,9.218181818181819,155.43636363636364,146.21818181818182
18,100,25,49.923620689655166,24.351098056263886,48.776706736956996,-0.08406644112687194,-0.1683901126672321,stable,0.017594973063438775,low,9.516134721391444,19.061387355190988,6.448275862068965,101.62068965517241,95.17241379310344
19,100,25,50.68961538461537,24.32808829985299,47.99422547450759,0.012363082462092027,0.024389773661301645,stable,0.03015422535471829,low,9.926985764860332,19.583864840042235,10.846153846153847,110.57692307692308,99.73076923076923
20,100,25,56.80749999999999,30.424320765772933,53.55687323992948,-0.052691769176918354,-0.09275495168229259,stable,-0.09279343411283862,low,9.12463903395636,16.062384428035664,9.5,156.72222222222223,147.22222222222223
21,100,25,59.72944444444445,31.627905034191752,52.95194912386888,-0.12046504650465076,-0.20168452532100428,stable,-0.08302120723994418,low,9.42495548013194,15.779412595906999,9.083333333333334,143.77777777777777,134.69444444444443
22,100,25,45.44297872340426,23.67772003923149,52.10424295323951,0.03738041889295309,0.08225785356297793,stable,0.1796189536527439,low,13.033084056976518,28.68008309117324,8.51063829787234,101.65957446808511,93.14893617021278
23,100,25,61.78825,32.004437037112524,51.796963074876736,-0.10654395439543965,-0.1724340054871916,stable,-0.0564585684600465,low,10.357446229947321,16.762808834927874,14.2875,153.95,139.6625
24,100,25,72.3510702341137,42.124082330671676,58.221781923013026,-0.10595889689303395,-0.14645104288046049,stable,-0.055562889911226994,low,13.257780509859323,18.32423551850688,11.632107023411372,187.685618729097,176.05351170568562
25,100,25,57.01744186046513,33.58413091592578,58.90150420657931,0.03144774942610477,0.05515461304466217,stable,-0.06344183674674055,low,11.117392422595692,19.498230821723865,4.604651162790698,165.34883720930233,160.74418604651163
26,100,25,72.76562123039807,45.38852774537607,62.37633511251446,-0.0454069098104022,-0.062401597131466965,stable,-0.10364860876586446,low,12.461216519427733,17.12514276483909,13.48009650180941,191.41133896260556,177.93124246079614
27,100,25,73.82315789473685,45.34139016469297,61.418925250182966,-0.11978237913377024,-0.16225583211241904,stable,-0.07816300985340434,low,13.772827317028502,18.656513362198538,16.23404255319149,191.02015677491602,174.78611422172452
28,100,25,69.51025477707006,45.02855302544618,64.77972663150148,-0.10557214957164562,-0.15187996348198052,stable,-0.013352604736567738,low,18.25289707189801,26.25928667710659,15.152866242038217,194.171974522293,179.01910828025478
29,100,25,52.0888,28.48530362414977,54.6860431112826,0.14504698469846966,0.2784609833562487,stable,-0.04021261540796797,low,10.333876453683779,19.838960493779428,5.6,138.08,132.48000000000002
30,100,25,49.72230769230769,25.520621374416258,51.32630112894868,0.007072465488307049,0.014223928487134958,stable,0.052024212239193374,low,12.424369751588525,24.987516324610656,9.054945054945055,114.6923076923077,105.63736263736264
31,100,25,49.9663953488372,22.96503720298426,45.96096444951716,-0.16392390401830892,-0.3280683004525034,stable,0.056891733311741,low,10.494272823193368,21.002661388575806,12.86046511627907,121.53488372093024,108.67441860465117
32,100,25,49.21819672131148,23.72549440217818,48.20472098260569,-0.09055151416781086,-0.1839797477354591,stable,0.024403957337125255,low,9.639606419988123,19.58545225573893,11.21311475409836,107.47540983606558,96.26229508196722
33,100,25,58.65226666666668,29.016196959169772,49.47156965659145,-0.07578677867786755,-0.12921372520618846,stable,-0.008909784436441028,low,11.313350450586146,19.288854623270282,10.16,135.53333333333333,125.37333333333333
34,100,25,65.79872586872587,34.2561715987495,52.062059175877536,0.05184441996323142,0.0787924375111237,stable,-0.01983919330077848,low,12.734583405233654,19.353844982713262,15.961389961389962,156.25482625482624,140.2934362934363
35,100,25,57.26264957264957,32.97678093339391,57.58863967961526,-0.08073992014586151,-0.1409992739567982,stable,0.010544651178444475,low,14.291341852307413,24.957528090235982,13.273504273504274,147.17094017094018,133.8974358974359
36,100,25,52.962888888888884,29.928571105959012,56.508569932328115,0.19843464346434664,0.37466733334853336,stable,-0.01903716193502133,low,11.659962170914643,22.015343980529718,9.422222222222222,154.13333333333333,144.7111111111111
37,100,25,70.2000358422939,40.532133341936806,57.738052204123136,0.010717480350185465,0.015267058230942427,stable,-0.013235636780697451,low,14.762137101815506,21.02867459352728,8.684587813620071,190.43010752688173,181.74551971326164
38,100,25,47.61625000000001,22.62246638410023,47.50997061738425,-0.05112457674338888,-0.10736791902635943,stable,0.09390162533782907,low,10.64941368930799,22.365082696155174,12.125,114.0,101.875
39,100,25,74.42695090439275,43.132000985632054,57.95212683244068,0.19005378057185496,0.2553561287442689,stable,-0.01777618870072477,low,16.55668613738909,22.24555209665575,14.11111111111111,185.11627906976744,171.00516795865633
40,100,25,53.01264150943397,25.34503546551689,47.80941817624116,-0.07483370978607339,-0.1411620090139372,stable,0.0535504926153478,low,10.552761767351537,19.906123269623528,13.150943396226415,115.81132075471699,102.66037735849058
41,100,25,63.36097872340426,34.2453203541512,54.0479661838015,-0.03806844514238661,-0.060081845181985644,stable,-0.005165560300852905,low,13.531618382004995,21.35639103852209,14.008510638297873,167.46382978723403,153.45531914893616
42,100,25,67.56992405063292,39.65355044560925,58.685207957160365,0.0021924217738224336,0.0032446710642734505,stable,0.015967260456687667,low,16.334800981129035,24.174662337771316,13.778481012658228,184.06962025316454,170.2911392405063
43,100,25,50.11960784313725,25.50997369990676,50.898190943047794,-0.06854873722666399,-0.1367702984452824,stable,0.06499477982885644,low,11.704830806383942,23.353795670184308,9.215686274509803,120.62745098039215,111.41176470588235
44,100,25,40.403333333333336,19.745867984698364,48.87187852000255,-0.00010334366770034284,-0.0002557800537092884,stable,0.13350622331159986,low,10.518422404360038,26.033551037934256,6.311111111111111,85.08888888888889,78.77777777777777
45,100,25,68.45099431818181,45.38406177545675,66.30153765845579,-0.07745716048877596,-0.11315710058020581,stable,-0.007458800524903083,low,18.73471587044887,27.369530650444606,14.136363636363637,192.4005681818182,178.26420454545456
46,100,25,53.41097560975611,31.161797333080127,58.34343405513094,0.1662068158035311,0.3111847591362319,stable,0.009276067502423779,low,13.105920822997494,24.537879477722093,13.487804878048781,164.1219512195122,150.6341463414634
47,100,25,66.5472857142857,37.69415218517567,56.64265909658861,0.06041172688697437,0.09078015164487134,stable,-0.005811173616296379,low,14.10967963737617,21.202487052521874,17.97142857142857,184.4,166.42857142857144
48,100,25,38.73,21.418295052962982,55.30156223331522,0.09118785407952533,0.23544501440621052,stable,0.17441471689964289,low,11.640571728878825,30.0556977249647,4.132352941176471,105.34558823529412,101.21323529411765
49,100,25,53.78096153846153,25.625881554326877,47.648611741536996,-0.016117265572711852,-0.02996834774176651,stable,0.07614730163152986,low,11.6143834005576,21.59571541362561,10.942307692307692,115.51923076923077,104.57692307692308
50,100,25,44.80536585365854,19.223407733231088,42.90425346825154,-0.08169948702187341,-0.18234308651494316,stable,0.03600139981903625,low,8.202840608664781,18.307719292944878,11.317073170731707,97.36585365853658,86.04878048780488
51,100,25,76.59692307692309,45.689118148195455,59.64876435351297,-0.1203821920653607,-0.1571632217451684,stable,0.14020665916214373,low,23.189251922684523,30.274390916977868,13.615384615384615,196.92307692307693,183.30769230769232
52,100,25,78.58454545454546,46.26290350265391,58.870231080503096,-0.09621416687123266,-0.12243395481225305,stable,0.10684711633164284,low,22.102733947045653,28.126056871869583,12.636363636363637,198.8181818181818,186.1818181818182
53,100,25,79.29875,48.108958024337845,60.6679903836288,-0.0789318931893197,-0.09953737377867836,stable,0.0828561986932661,low,21.995955469841494,27.738085997372586,12.4375,198.8125,186.375
54,100,25,66.786,39.36030746831127,58.93496761044421,-0.07751455145514549,-0.11606407249295586,stable,0.09870659532969685,low,18.29717202192732,27.396717907835956,11.4,150.4,139.0
55,100,25,64.75200000000001,35.50251957255992,54.828452515072755,-0.07010381038103866,-0.10826508892549828,stable,0.1150406208042485,low,17.02542498735347,26.29328049690121,14.2,145.4,131.20000000000002
56,100,25,78.33866666666667,46.41314629857939,59.24679123793196,-0.1163636363636364,-0.14853920970951306,stable,0.09136874658474428,low,21.782250021519815,27.805234564693233,12.133333333333333,196.0,183.86666666666667
57,100,25,70.08999999999999,39.44426872657357,56.27659969549661,-0.09201463003443251,-0.13128068202943718,stable,0.07304552079219331,low,17.610601283063005,25.125697364906557,15.476190476190476,161.1904761904762,145.71428571428572
58,100,25,48.47666666666666,24.574353262529716,50.6931580743926,-0.11756175617561775,-0.24251204601997753,stable,-0.0845471810095627,low,8.59783090647265,17.73601919783948,10.222222222222221,106.88888888888889,96.66666666666666
59,100,25,46.73,23.290601108601727,49.84078987503045,0.05119111911191111,0.10954658487462256,stable,-0.07048527938031694,low,8.99323912725554,19.24510833994338,7.0,117.0,110.0
60,100,25,62.57790000000001,37.19834886913666,59.44326810125724,0.002645484548454482,0.004227506113906798,stable,-0.0689691207864982,low,13.278260215103481,21.21876927014726,13.06,156.63,143.57
61,100,25,71.13228070175438,46.37597646451419,65.19680798505648,0.03579965014045229,0.05032827541486286,stable,-0.046679151689449534,low,17.41141037650894,24.477508951965195,12.964912280701755,193.53216374269005,180.5672514619883
62,100,25,46.39135593220339,24.068341972217006,51.881091829673245,-0.09289427247809576,-0.2002404771566755,stable,0.05567884477925745,low,10.962835869239857,23.63120380715108,13.101694915254237,151.8135593220339,138.71186440677968
63,100,25,70.10148571428572,45.52983522111671,64.94845973262784,-0.046245150229308966,-0.06596885894514622,stable,-0.06661097608048284,low,14.82854946037459,21.152974590027465,12.09142857142857,188.14857142857142,176.05714285714285
64,100,25,47.52823529411766,26.625811093341667,56.02103871219687,-0.10758087573463239,-0.2263515046769413,stable,0.07691308346897255,low,12.117782717052691,25.49596601275969,10.450980392156863,170.47058823529412,160.01960784313727
65,100,25,62.87765957446809,37.02021677071892,58.87658195495437,-0.06693656599702541,-0.10645524412013177,stable,-0.042727314813119865,low,12.890784329131804,20.501374282013188,13.925531914893616,174.40425531914894,160.47872340425533
66,100,25,44.75491525423728,21.688915539565137,48.461527446444414,-0.024939104079899743,-0.05572372093261549,stable,-0.03633530550396205,low,8.781949646082342,19.62231320558894,8.830508474576272,100.23728813559322,91.40677966101694
67,100,25,46.15903846153846,22.192302335521287,48.07791296175459,-0.06133709524798662,-0.13288209046879326,stable,-0.04272845430733406,low,8.83797865555107,19.146799738723384,11.288461538461538,103.42307692307692,92.13461538461539
68,100,25,58.691,30.482446079670183,51.93717278572555,0.018297629762976244,0.03117621059954038,stable,-0.041062804660419665,low,10.741257212263374,18.301370248016518,15.1,177.7,162.6
69,100,25,60.48148148148148,31.14319817981032,51.492121913954605,0.047445633452234064,0.0784465464305156,stable,-0.056360569523460476,low,10.060822916160632,16.63455105550135,9.777777777777779,165.25925925925927,155.4814814814815
70,100,25,62.04314285714287,33.984713609239684,54.775938232998634,-0.07790476190476255,-0.12556546673359498,stable,-0.061007062700993306,low,10.986868503363644,17.70843319246642,10.057142857142857,171.94285714285715,161.8857142857143
71,100,25,63.82333333333334,38.50349060655266,60.32823513848539,-0.07865519885321912,-0.12323893902943402,stable,-0.016356021085113224,low,15.993107851991498,25.058402651054735,14.555555555555555,177.66666666666666,163.11111111111111
72,100,25,56.349104477611945,28.56924210654203,50.700436806219116,-0.01676594525124124,-0.029753703109696297,stable,-0.01824857453154394,low,11.457849136680915,20.33368452418482,14.238805970149254,131.98507462686567,117.74626865671641
73,100,25,60.95125,33.86902112827443,55.56739382420284,-0.06658040804080427,-0.10923550877267368,stable,-0.014481836061010075,low,14.252924809490857,23.38413865095606,12.375,157.875,145.5
74,100,25,60.269333333333314,34.16343628793801,56.68460956584558,-0.07418561856185717,-0.12309015955354387,stable,-0.01840627782300022,low,13.811595653149967,22.91645666090544,14.383333333333333,156.59166666666667,142.20833333333334
75,100,25,68.3568181818182,39.565387022075384,57.88067390269364,-0.04766876687668848,-0.06973520439453046,stable,-0.10449483024859231,low,11.505560661539429,16.83162114265834,15.0,171.5909090909091,156.5909090909091
76,100,25,61.83483870967743,33.734055170581264,54.55509527398789,-0.05669134655401049,-0.09168188635565735,stable,-0.10133994105437816,low,10.4610008912246,16.91764886836748,12.258064516129032,152.80645161290323,140.5483870967742
77,100,25,47.678775510204076,23.346701800566994,48.966655604589505,-0.09529981569585563,-0.19987890770277822,stable,0.10737486646150357,low,11.049166226569948,23.174182030335988,11.10204081632653,114.71428571428571,103.61224489795917
78,100,25,62.6363063063063,34.013194579378805,54.30268255769468,-0.07420736668261478,-0.11847340793009611,stable,-0.10561357852659971,low,9.346011253651495,14.921076616407255,13.135135135135135,155.72072072072072,142.5855855855856
79,100,25,55.9404,27.656505343951174,49.43923415626484,-0.05489276927692823,-0.09812723769749275,stable,0.08668222339155669,low,12.944524859569007,23.139850375701656,12.8,143.16,130.35999999999999
80,100,25,59.01448275862068,31.923074966846197,54.0936283342803,-0.013584117032392923,-0.023018276865958958,stable,0.027562759420564898,low,13.71462864110352,23.239428696170556,11.379310344827585,154.44827586206895,143.06896551724137
81,100,25,63.90392857142856,31.99091376700514,50.06095005762803,-0.015177017701770604,-0.02374974127734026,stable,0.008070818860608318,low,13.006833290424611,20.353730327997337,12.071428571428571,156.42857142857142,144.35714285714283
82,100,25,54.563076923076935,27.922713241963063,51.17510744734671,-0.25568464538761526,-0.46860378814061315,stable,0.09005291685833207,low,13.418622547232214,24.59286261687515,12.576923076923077,147.15384615384616,134.5769230769231
83,100,25,50.05574468085106,22.597783652044473,45.145235169559484,-0.04125757256576724,-0.08242325197401451,stable,-0.05268452656491936,low,8.2822742266162,16.546101310494745,10.297872340425531,114.29787234042553,104.0
84,100,25,58.61931034482758,28.325378812982002,48.32090081981212,-0.04491635370433666,-0.07662381805605797,stable,-0.06776758942537278,low,8.833208298608788,15.068768715714183,13.03448275862069,132.24137931034483,119.20689655172413
85,100,25,65.74866666666667,36.31640444145807,55.2351953014886,-0.11952275227522836,-0.18178734008582437,stable,-0.07768349938208616,low,11.543964916786607,17.55771714020047,11.866666666666667,158.9,147.03333333333333
86,100,25,52.34714285714284,24.21619149685278,46.260770263889285,-0.11796879687968788,-0.22535861642273158,stable,-0.03857818553394473,low,9.048666013985324,17.285883278633644,12.678571428571429,127.78571428571429,115.10714285714286
87,100,25,55.990645161290324,30.407916056464348,54.30892244386417,-0.048148621313744915,-0.08599404628227597,stable,-0.043781480221199466,low,10.211733391318,18.238284916884616,9.129032258064516,153.96774193548387,144.83870967741936
88,100,25,74.64857142857143,44.113209738913675,59.09451298893783,-0.12607089280356654,-0.1688858746937968,stable,0.14879419363647395,low,22.541229073927298,30.196464101789545,15.428571428571429,193.0,177.57142857142858
89,100,25,58.29870967741935,31.238972371015766,53.584328956624326,-0.10041946130096918,-0.17224988658687987,stable,0.10471189881134785,low,14.73983335051087,25.28329260127691,9.193548387096774,126.03225806451613,116.83870967741936
90,100,25,65.90285714285716,38.01624722485407,57.68527932324166,-0.08049719257640078,-0.12214522414697074,stable,0.09524513586344296,low,17.51327345012278,26.57437660427891,9.857142857142858,148.0,138.14285714285714
91,100,25,79.00666666666666,48.217870246529046,61.03012857125438,-0.06838183818381859,-0.08655198487530831,stable,0.07453168489850241,low,21.74413771571547,27.521902433189776,11.75,197.33333333333334,185.58333333333334
92,100,25,78.635,47.05225047752764,59.83626944430297,-0.10181218121812234,-0.12947438318575993,stable,0.119930365259905,low,22.988554761010967,29.234507230890785,12.5,201.0,188.5
93,100,25,73.82400000000001,44.711048120123515,60.56438031009361,-0.10551935193519338,-0.14293366917966158,stable,0.10943995648276512,low,21.224293250895307,28.749855400540884,11.8,179.6,167.79999999999998
94,100,25,73.97,43.974186746317436,59.44867749941521,-0.12727572757275782,-0.17206398211809898,stable,0.16176315555592727,low,22.88708608309498,30.941038371089608,16.0,191.625,175.625
95,100,25,57.80142857142856,31.549914421437027,54.58327795903691,-0.041912476961982095,-0.07251114375173,stable,0.1255975488018596,low,15.540175320104717,26.885451976158038,10.142857142857142,130.0,119.85714285714286
96,100,25,66.75,37.08952558557827,55.56483233794498,-0.08980712356950016,-0.13454250722022496,stable,0.13583181192529992,low,18.726192197953484,28.054220521278626,13.035714285714286,145.96428571428572,132.92857142857144
97,100,25,78.684,46.54710457160574,59.15701358803028,-0.10747794779477954,-0.13659441283460366,stable,0.10899228027649308,low,22.302209397277213,28.344020890240984,11.4,200.0,188.6
98,100,25,70.33800000000001,41.96679349199793,59.664467986007466,-0.12419921992199223,-0.17657485274246099,stable,0.11930394599501468,low,20.557943866058203,29.227364818530816,11.8,177.2,165.39999999999998
99,100,25,72.98,45.12205225829162,61.82796966058045,-0.1675247524752478,-0.22954885239140557,stable,0.17378021490921014,low,23.999054148028417,32.88442607293562,14.0,200.0,186.0
100,100,25,77.07285714285713,46.32150509961737,60.10093152996638,-0.11817410312459833,-0.15332778296457683,stable,0.11911558649220705,low,22.717452003035113,29.475294993836222,13.857142857142858,199.85714285714286,186.0
101,100,25,73.84,45.56258772282364,61.70447958128879,-0.1501530153015312,-0.20334915398365544,stable,0.16619167202678242,low,24.02466232853232,32.536108245574646,15.0,199.5,184.5
102,100,25,53.69940425531915,25.265304943117528,47.049506960991835,-0.006747151310876397,-0.01256466697246099,stable,-0.044171868014479886,low,8.700033913339352,16.201360208716984,14.676595744680851,107.18297872340426,92.50638297872341
103,100,25,58.958888888888886,32.50706155002762,55.13513256888013,-0.1243090975764243,-0.2108402989253941,stable,-0.054118031470782695,low,10.402848968752101,17.644241885827963,8.11111111111111,160.55555555555554,152.44444444444443
104,100,25,61.38999999999999,34.14419765250508,55.6185008185455,-0.04867186718671879,-0.07928305454751391,stable,-0.0420541998505148,low,11.574712799412731,18.854394525839275,8.166666666666666,168.66666666666666,160.5
105,100,25,62.191111111111105,31.83895075509218,51.19533995494705,-0.02478114478114534,-0.03984676320844495,stable,-0.0281308193695991,low,10.529163848949484,16.930335639345632,11.0,152.55555555555554,141.55555555555554
106,100,25,58.40083333333333,30.520122449059006,52.259737930210484,0.00862836283628344,0.014774383076069306,stable,-0.042876177222962275,low,10.13022204155028,17.346023101640007,8.75,155.66666666666666,146.91666666666666
107,100,25,54.20099999999999,25.98805300517913,47.947552637735704,0.013146714671466749,0.02425548361001965,stable,-0.007592772901243105,low,9.53033965816539,17.583328090192783,10.5,132.2,121.69999999999999
108,100,25,59.71153846153846,29.511510892326896,49.423464296328454,0.04822774585150806,0.08076788355163991,stable,-0.05661448413404511,low,9.64047342253745,16.145076263186713,11.76923076923077,157.92307692307693,146.15384615384616
109,100,25,58.11428571428571,28.489889004876872,49.02389946758558,0.006051176546225725,0.010412545679346137,stable,-0.050902994313052265,low,9.623993453863111,16.56046071215383,15.214285714285714,166.0,150.78571428571428
110,100,25,53.147777777777776,27.929700351568307,52.551021922964225,0.01760909424275741,0.03313232458445355,stable,-0.044705006752555974,low,9.868755159343134,18.568518895759876,16.444444444444443,170.88888888888889,154.44444444444446
