field_id,forecast_step,forecast_ET
0,1,41.92839597686069
0,2,81.17842833255119
0,3,112.00129539057195
0,4,26.26238158948707
0,5,42.31300782722526
0,6,81.56304018291577
0,7,112.38590724093652
0,8,26.64699343985164
0,9,42.69761967758984
0,10,81.94765203328033
0,11,112.7705190913011
0,12,27.031605290216206
1,1,39.74584699760529
1,2,67.41329669436607
1,3,81.8826549246943
1,4,17.360819958110696
1,5,39.93717963172566
1,6,67.60462932848644
1,7,82.07398755881465
1,8,17.55215259223106
1,9,40.12851226584603
1,10,67.7959619626068
1,11,82.26532019293501
1,12,17.74348522635143
2,1,38.913867678602216
2,2,70.77708755405628
2,3,131.36608943802995
2,4,27.911062514472484
2,5,38.821426457309855
2,6,70.68464633276392
2,7,131.2736482167376
2,8,27.818621293180122
2,9,38.72898523601749
2,10,70.59220511147156
2,11,131.18120699544522
2,12,27.72618007188776
3,1,41.3207385309036
3,2,65.0428502501045
3,3,67.0269181525159
3,4,15.62396238298761
3,5,42.037224223932796
3,6,65.75933594313369
3,7,67.7434038455451
3,8,16.34044807601681
3,9,42.753709916961995
3,10,66.47582163616289
3,11,68.4598895385743
3,12,17.056933769046008
4,1,49.4236489849123
4,2,89.48439800052655
4,3,125.01889881729123
4,4,30.20661712121948
4,5,50.011539545462604
4,6,90.07228856107686
4,7,125.60678937784154
4,8,30.794507681769787
4,9,50.59943010601291
4,10,90.66017912162717
4,11,126.19467993839184
4,12,31.382398242320093
5,1,46.240402177796554
5,2,83.5952985646681
5,3,109.5554010654956
5,4,23.985173139655977
5,5,46.8062472946538
5,6,84.16114368152535
5,7,110.12124618235285
5,8,24.551018256513224
5,9,47.37209241151105
5,10,84.72698879838259
5,11,110.6870912992101
5,12,25.11686337337047
6,1,48.04207815493984
6,2,86.47815564820255
6,3,120.29138225025599
6,4,30.252822401517825
6,5,48.56074144442585
6,6,86.99681893768856
6,7,120.810045539742
6,8,30.771485691003853
6,9,49.07940473391188
6,10,87.51548222717457
6,11,121.32870882922802
6,12,31.290148980489867
7,1,37.437181198754956
7,2,67.81169746353609
7,3,93.0419286628949
7,4,21.006994133916926
7,5,37.82492044546905
7,6,68.19943671025018
7,7,93.429667909609
7,8,21.394733380631017
7,9,38.21265969218314
7,10,68.58717595696427
7,11,93.81740715632309
7,12,21.782472627345108
8,1,49.77037832549186
8,2,88.29380255673746
8,3,128.7420584567838
8,4,33.87018559235342
8,5,50.20350762279624
8,6,88.72693185404184
8,7,129.17518775408817
8,8,34.30331488965781
8,9,50.63663692010063
8,10,89.16006115134621
8,11,129.60831705139256
8,12,34.73644418696219
9,1,41.70723882715704
9,2,72.39632922229083
9,3,104.18911907943402
9,4,25.423696022053015
9,5,41.69260174486426
9,6,72.38169213999805
9,7,104.17448199714123
9,8,25.40905893976023
9,9,41.67796466257147
9,10,72.36705505770527
9,11,104.15984491484843
9,12,25.394421857467442
10,1,38.1513812224217
10,2,60.41680849228387
10,3,72.26106311993125
10,4,16.468940681899927
10,5,38.50567882566651
10,6,60.77110609552868
10,7,72.61536072317607
10,8,16.823238285144736
10,9,38.85997642891131
10,10,61.12540369877349
10,11,72.96965832642087
10,12,17.17753588838954
11,1,48.581257701970564
11,2,77.87454657918138
11,3,108.46097395706155
11,4,26.714264405908132
11,5,49.53821322537319
11,6,78.83150210258403
11,7,109.41792948046418
11,8,27.671219929310773
11,9,50.49516874877583
11,10,79.78845762598665
11,11,110.37488500386684
11,12,28.6281754527134
12,1,45.4532853678074
12,2,72.06752608895681
12,3,90.13993080622365
12,4,20.27847326209269
12,5,46.05859358937618
12,6,72.67283431052559
12,7,90.74523902779242
12,8,20.883781483661465
12,9,46.66390181094496
12,10,73.27814253209436
12,11,91.3505472493612
12,12,21.489089705230242
13,1,61.84195018967671
13,2,99.02414252535021
13,3,138.2908163565821
13,4,39.137809215551094
13,5,63.11241232675472
13,6,100.29460466242823
13,7,139.5612784936601
13,8,40.40827135262911
13,9,64.38287446383275
13,10,101.56506679950625
13,11,140.83174063073812
13,12,41.678733489707135
14,1,38.045362568437625
14,2,52.78649978519685
14,3,63.368455065162344
14,4,16.198578812260937
14,5,38.29705652438769
14,6,53.03819374114692
14,7,63.62014902111241
14,8,16.450272768211004
14,9,38.54875048033776
14,10,53.28988769709699
14,11,63.87184297706248
14,12,16.70196672416107
15,1,35.89292858326857
15,2,59.52894383811926
15,3,75.5050683189182
15,4,18.40317126881034
15,5,35.93529086003126
15,6,59.57130611488195
15,7,75.5474305956809
15,8,18.445533545573028
15,9,35.97765313679395
15,10,59.61366839164464
15,11,75.58979287244358
15,12,18.487895822335716
16,1,36.83804575161339
16,2,60.47569375219849
16,3,73.4149894896629
16,4,18.68653750444856
16,5,36.78899244964569
16,6,60.42664045023079
16,7,73.3659361876952
16,8,18.637484202480863
16,9,36.73993914767799
16,10,60.37758714826309
16,11,73.3168828857275
16,12,18.58843090051316
17,1,35.19270564274443
17,2,57.583090359829136
17,3,75.18850919546536
17,4,14.48637000346866
17,5,34.705745531532166
17,6,57.09613024861687
17,7,74.70154908425309
17,8,13.999409892256406
17,9,34.21878542031991
17,10,56.60917013740462
17,11,74.21458897304083
17,12,13.512449781044143
18,1,34.90923096410484
18,2,56.45019643721392
18,3,64.51030950051904
18,4,13.463616753127624
18,5,34.703964371735644
18,6,56.24492984484473
18,7,64.30504290814983
18,8,13.258350160758425
18,9,34.49869777936645
18,10,56.03966325247553
18,11,64.09977631578064
18,12,13.053083568389233
19,1,41.00793226717448
19,2,62.07638234926262
19,3,72.91637033158898
19,4,20.91869946209212
19,5,41.187110694957696
19,6,62.255560777045844
19,7,73.0955487593722
19,8,21.09787788987535
19,9,41.36628912274092
19,10,62.434739204829064
19,11,73.27472718715542
19,12,21.27705631765857
20,1,32.427657444823524
20,2,56.771370327542705
20,3,89.3089243453887
20,4,19.26147651448455
20,5,32.16779505211271
20,6,56.51150793483189
20,7,89.04906195267787
20,8,19.001614121773727
20,9,31.907932659401897
20,10,56.25164554212107
20,11,88.78919955996707
20,12,18.741751729062912
21,1,37.26273720168185
21,2,62.20403906611011
21,3,100.21663771034233
21,4,25.39063446852228
21,5,37.100942004935625
21,6,62.04224386936389
21,7,100.0548425135961
21,8,25.228839271776046
21,9,36.93914680818939
21,10,61.88044867261765
21,11,99.89304731684987
21,12,25.06704407502982
22,1,36.026359466966895
22,2,51.515331899430805
22,3,53.32139453427977
22,4,12.18525407071225
22,5,36.096724234080455
22,6,51.58569666654437
22,7,53.39175930139333
22,8,12.255618837825818
22,9,36.16708900119402
22,10,51.65606143365793
22,11,53.462124068506895
22,12,12.325983604939378
23,1,32.55062561810415
23,2,58.45115704639793
23,3,93.09017961927097
23,4,19.635692753653508
23,5,31.983311385206008
23,6,57.8838428134998
23,7,92.52286538637283
23,8,19.068378520755367
23,9,31.415997152307874
23,10,57.316528580601656
23,11,91.95555115347469
23,12,18.501064287857233
24,1,36.237617876021545
24,2,71.95833471297485
24,3,113.71422221803712
24,4,24.623881024512983
24,5,35.71906456189711
24,6,71.43978139885041
24,7,113.19566890391269
24,8,24.10532771038855
24,9,35.20051124777268
24,10,70.92122808472598
24,11,112.67711558978826
24,12,23.58677439626412
25,1,43.289716225505515
25,2,68.81961662142575
25,3,96.00549481146527
25,4,27.168329573014766
25,5,43.428457949264256
25,6,68.95835834518451
25,7,96.14423653522402
25,8,27.307071296773508
25,9,43.567199673023
25,10,69.09710006894325
25,11,96.28297825898278
25,12,27.445813020532256
26,1,41.184416417862025
26,2,71.52502758118248
26,3,133.17078057410106
26,4,34.435114928283504
26,5,40.977782182787905
26,6,71.31839334610837
26,7,132.96414633902694
26,8,34.2284806932094
26,9,40.771147947713786
26,10,71.11175911103426
26,11,132.75751210395282
26,12,34.02184645813528
27,1,38.95301694738839
27,2,67.92386926531488
27,3,130.37414324923787
27,4,31.807599183821544
27,5,38.44851204206422
27,6,67.41936435999071
27,7,129.86963834391372
27,8,31.303094278497376
27,9,37.944007136740055
27,10,66.91485945466654
27,11,129.36513343858957
27,12,30.798589373173208
28,1,33.99135183567148
28,2,58.285290459457876
28,3,113.80786219805582
28,4,17.462198633487425
28,5,33.992813713466106
28,6,58.286752337252494
28,7,113.80932407585044
28,8,17.46366051128205
28,9,33.994275591260724
28,10,58.28821421504712
28,11,113.81078595364505
28,12,17.46512238907667
29,1,47.60454793511059
29,2,68.1685763274868
29,3,90.33259863390694
29,4,33.12866441087666
29,5,48.19837547902655
29,6,68.76240387140278
29,7,90.92642617782292
29,8,33.72249195479264
29,9,48.79220302294253
29,10,69.35623141531876
29,11,91.5202537217389
29,12,34.31631949870861
30,1,34.5856090532143
30,2,50.408123285508736
30,3,65.28624401475336
30,4,11.456472935827918
30,5,34.61879948370696
30,6,50.441313716001396
30,7,65.31943444524602
30,8,11.489663366320578
30,9,34.65198991419962
30,10,50.474504146494056
30,11,65.35262487573868
30,12,11.522853796813237
31,1,32.40853903933727
31,2,48.96032969291836
31,3,60.13939639354709
31,4,13.606563770134063
31,5,31.838442522850045
31,6,48.39023317643113
31,7,59.56929987705986
31,8,13.036467253646837
31,9,31.26834600636282
31,10,47.820136659943905
31,11,58.999203360572636
31,12,12.466370737159604
32,1,33.70218898497254
32,2,53.98460807229473
32,3,65.25246740391091
32,4,14.63954455734213
32,5,33.277517936603175
32,6,53.55993702392537
32,7,64.82779635554155
32,8,14.214873508972769
32,9,32.85284688823381
32,10,53.13526597555601
32,11,64.40312530717219
32,12,13.790202460603407
33,1,38.01235183381429
33,2,61.79771592462785
33,3,81.25555879507735
33,4,16.39935563417263
33,5,37.64470726060625
33,6,61.43007135141981
33,7,80.88791422186931
33,8,16.03171106096459
33,9,37.277062687398214
33,10,61.06242677821177
33,11,80.52026964866127
33,12,15.66406648775655
34,1,41.522159851266245
34,2,69.18248406349261
34,3,103.37526546626239
34,4,29.151582002825165
34,5,41.548294158076374
34,6,69.20861837030273
34,7,103.40139977307253
34,8,29.177716309635294
34,9,41.5744284648865
34,10,69.23475267711287
34,11,103.42753407988266
34,12,29.203850616445422
35,1,28.15328379590128
35,2,47.61813085702458
35,3,78.57729377053073
35,4,6.72349984016514
35,5,25.065028024971006
35,6,44.5298750860943
35,7,75.48903799960044
35,8,3.635244069234858
35,9,21.976772254040725
35,10,41.44161931516402
35,11,72.40078222867017
35,12,0.54698829830458
36,1,51.392142638189405
36,2,71.29303335937236
36,3,93.01578184041645
36,4,38.05722220295803
36,5,52.19807047261512
36,6,72.09896119379808
36,7,93.82170967484217
36,8,38.86315003738375
36,9,53.00399830704084
36,10,72.9048890282238
36,11,94.62763750926788
36,12,39.66907787180948
37,1,31.715312812180485
37,2,63.525731078038866
37,3,100.98119234828661
37,4,21.008891427375648
37,5,28.37842285699856
37,6,60.18884112285695
37,7,97.6443023931047
37,8,17.672001472193724
37,9,25.041532901816637
37,10,56.85195116767502
37,11,94.30741243792278
37,12,14.3351115170118
38,1,37.2054881710435
38,2,55.60606938656868
38,3,62.72513159448641
38,4,18.423796218179653
38,5,36.73238631794054
38,6,55.13296753346572
38,7,62.25202974138345
38,8,17.950694365076686
38,9,36.25928446483758
38,10,54.659865680362756
38,11,61.77892788828049
38,12,17.477592511973725
39,1,47.00375617635153
39,2,77.87076040606499
39,3,127.2691680578854
39,4,38.22942417620156
39,5,47.48667756573927
39,6,78.35368179545273
39,7,127.75208944727314
39,8,38.7123455655893
39,9,47.96959895512701
39,10,78.83660318484047
39,11,128.23501083666088
39,12,39.19526695497704
40,1,37.12966957215049
40,2,60.06675245035925
40,3,70.44411653560375
40,4,18.70790680944345
40,5,36.82871648773498
40,6,59.76579936594374
40,7,70.14316345118824
40,8,18.40695372502794
40,9,36.52776340331947
40,10,59.464846281528224
40,11,69.84221036677272
40,12,18.10600064061242
41,1,28.353512019228372
41,2,53.97819716615909
41,3,87.55297541376174
41,4,13.912694710196533
41,5,27.90243812432521
41,6,53.527123271255924
41,7,87.10190151885857
41,8,13.461620815293365
41,9,27.451364229422044
41,10,53.07604937635276
41,11,86.65082762395541
41,12,13.010546920390205
42,1,25.15977879574733
42,2,53.484704223944156
42,3,93.19158260658875
42,4,12.607860034082535
42,5,24.80071638052543
42,6,53.12564180872226
42,7,92.83252019136685
42,8,12.248797618860628
42,9,24.441653965303523
42,10,52.76657939350035
42,11,92.47345777614495
42,12,11.889735203638729
43,1,30.52344082281021
43,2,49.96503078384109
43,3,61.499164025547174
43,4,9.648150585787839
43,5,30.12552190389966
43,6,49.56711186493054
43,7,61.101245106636625
43,8,9.250231666877298
43,9,29.72760298498911
43,10,49.16919294602
43,11,60.70332618772608
43,12,8.85231274796675
44,1,36.216044261275485
44,2,46.602299090997185
44,3,45.56987143538183
44,4,11.756924722946543
44,5,36.419015176977084
44,6,46.805270006698784
44,7,45.772842351083426
44,8,11.959895638648135
44,9,36.621986092678675
44,10,47.008240922400375
44,11,45.97581326678502
44,12,12.162866554349733
45,1,32.178701116908684
45,2,56.58586012238939
45,3,112.2100000527115
45,4,15.986146980433105
45,5,32.25852460917076
45,6,56.66568361465148
45,7,112.28982354497359
45,8,16.06597047269519
45,9,32.33834810143286
45,10,56.74550710691356
45,11,112.36964703723567
45,12,16.14579396495727
46,1,51.50111044514145
46,2,70.97329813193382
46,3,92.64745020915926
46,4,34.099127960104184
46,5,52.185285286105895
46,6,71.65747297289826
46,7,93.3316250501237
46,8,34.78330280106863
46,9,52.86946012707034
46,10,72.3416478138627
46,11,94.01579989108815
46,12,35.467477642033074
47,1,50.624013494077616
47,2,79.13975088610134
47,3,113.66056782730467
47,4,35.69081259737822
47,5,50.872774296578044
47,6,79.38851168860177
47,7,113.90932862980512
47,8,35.93957339987866
47,9,51.12153509907847
47,10,79.6372724911022
47,11,114.15808943230554
47,12,36.18833420237909
48,1,31.51845323088969
48,2,45.163333897561245
48,3,49.445737455887404
48,4,10.535063321646057
48,5,31.64193114326747
48,6,45.286811809939024
48,7,49.56921536826518
48,8,10.658541234023836
48,9,31.76540905564525
48,10,45.41028972231682
48,11,49.69269328064297
48,12,10.782019146401623
49,1,40.337063155688185
49,2,61.52461549051326
49,3,72.81856070009756
49,4,21.18851515701503
49,5,40.236957927134
49,6,61.42451026195907
49,7,72.71845547154338
49,8,21.088409928460838
49,9,40.1368526985798
49,10,61.32440503340488
49,11,72.61835024298918
49,12,20.988304699906646
50,1,38.31095521214272
50,2,52.03769470967644
50,3,55.488441332977665
50,4,18.147837229924672
50,5,38.01794525438435
50,6,51.74468475191806
50,7,55.19543137521929
50,8,17.8548272721663
50,9,37.72493529662597
50,10,51.451674794159686
50,11,54.902421417460914
50,12,17.56181731440792
51,1,43.72981896831147
51,2,83.48668712679185
51,3,117.52983664230922
51,4,27.61289119438962
51,5,44.0387881028769
51,6,83.79565626135728
51,7,117.83880577687464
51,8,27.92186032895505
51,9,44.34775723744233
51,10,84.10462539592271
51,11,118.14777491144008
51,12,28.23082946352048
52,1,45.9852523347071
52,2,87.71257345354734
52,3,124.7706971947834
52,4,30.559856574519316
52,5,46.447345166186665
52,6,88.17466628502689
52,7,125.23279002626296
52,8,31.021949405998868
52,9,46.90943799766622
52,10,88.63675911650645
52,11,125.69488285774251
52,12,31.484042237478434
53,1,48.7329417124392
53,2,91.42839975126859
53,3,131.56592230892872
53,4,32.201279055104386
53,5,49.32656181474451
53,6,92.0220198535739
53,7,132.159542411234
53,8,32.79489915740968
53,9,49.9201819170498
53,10,92.61563995587919
53,11,132.7531625135393
53,12,33.38851925971499
54,1,38.88264516195924
54,2,74.922799505669
54,3,102.2594954871957
54,4,19.923955435436525
54,5,39.32628445440713
54,6,75.36643879811689
54,7,102.70313477964359
54,8,20.367594727884416
54,9,39.76992374685502
54,10,75.81007809056479
54,11,103.14677407209149
54,12,20.811234020332314
55,1,39.264140800406565
55,2,70.61021473541614
55,3,94.3146592441166
55,4,22.63289570107124
55,5,39.556565778354475
55,6,70.90263971336405
55,7,94.60708422206451
55,8,22.92532067901916
55,9,39.848990756302385
55,10,71.19506469131196
55,11,94.89950920001243
55,12,23.217745656967068
56,1,47.17785286554037
56,2,87.25094468871372
56,3,125.14445491823678
56,4,30.75017481875043
56,5,47.521012958159076
56,6,87.59410478133242
56,7,125.48761501085548
56,8,31.09333491136912
56,9,47.864173050777765
56,10,87.93726487395111
56,11,125.83077510347418
56,12,31.436495003987822
57,1,39.53505279188633
57,2,74.44164301814703
57,3,108.10101719407228
57,4,24.3622080603729
57,5,39.729765990788124
57,6,74.63635621704884
57,7,108.29573039297408
57,8,24.556921259274695
57,9,39.92447918968992
57,10,74.83106941595062
57,11,108.49044359187587
57,12,24.751634458176483
58,1,27.098752638961287
58,2,44.3365815663568
58,3,63.42603971305124
58,4,8.269844710758335
58,5,26.617106528660834
58,6,43.854935456056346
58,7,62.944393602750786
58,8,7.788198600457882
58,9,26.135460418360374
58,10,43.373289345755886
58,11,62.462747492450326
58,12,7.306552490157422
59,1,38.78980096127086
59,2,53.80987070684306
59,3,72.74986341316006
59,4,20.40979322835183
59,5,38.93702834976619
59,6,53.95709809533839
59,7,72.8970908016554
59,8,20.557020616847154
59,9,39.08425573826152
59,10,54.10432548383372
59,11,73.04431819015072
59,12,20.704248005342485
60,1,42.659896871971576
60,2,67.6352639834768
60,3,110.95802122536955
60,4,29.490273379497363
60,5,42.66820145201599
60,6,67.64356856352121
60,7,110.96632580541397
60,8,29.49857795954178
60,9,42.676506032060416
60,10,67.65187314356564
60,11,110.9746303854584
60,12,29.506882539586197
61,1,46.73239754950004
61,2,76.0437104913806
61,3,133.09150378516418
61,4,35.399083517218536
61,5,46.861963676898334
61,6,76.17327661877889
61,7,133.22106991256246
61,8,35.52864964461683
61,9,46.991529804296626
61,10,76.30284274617718
61,11,133.35063603996076
61,12,35.658215772015105
62,1,33.84969281097786
62,2,51.013269038232814
62,3,64.73408626864499
62,4,17.705337881549028
62,5,33.498507888118596
62,6,50.66208411537355
62,7,64.38290134578573
62,8,17.354152958689767
62,9,33.147322965259335
62,10,50.31089919251429
62,11,64.03171642292646
62,12,17.002968035830506
63,1,39.098508986133766
63,2,72.992197933082
63,3,128.14571353559037
63,4,29.69419912370366
63,5,38.89706117138125
63,6,72.7907501183295
63,7,127.94426572083786
63,8,29.492751308951163
63,9,38.695613356628755
63,10,72.58930230357697
63,11,127.74281790608535
63,12,29.29130349419865
64,1,33.148685336866656
64,2,53.799066726776935
64,3,69.64671480515739
64,4,17.402047849383152
64,5,31.984131055071323
64,6,52.63451244498161
64,7,68.48216052336207
64,8,16.23749356758782
64,9,30.819576773275998
64,10,51.46995816318628
64,11,67.31760624156672
64,12,15.072939285792494
65,1,37.94420222001851
65,2,66.96340575371067
65,3,106.6519871431561
65,4,25.898379053915335
65,5,37.67394386937474
65,6,66.6931474030669
65,7,106.38172879251235
65,8,25.628120703271563
65,9,37.40368551873097
65,10,66.42288905242313
65,11,106.11147044186856
65,12,25.35786235262779
66,1,34.60784967795902
66,2,50.10852055148918
66,3,65.30684062887768
66,4,17.28650279344578
66,5,34.41694243758324
66,6,49.9176133111134
66,7,65.1159333885019
66,8,17.09559555307
66,9,34.22603519720745
66,10,49.72670607073762
66,11,64.92502614812611
66,12,16.904688312694216
67,1,35.49845034361414
67,2,51.36843132719625
67,3,66.6814028856108
67,4,19.346184727816873
67,5,35.27264843887595
67,6,51.14262942245806
67,7,66.4556009808726
67,8,19.120382823078682
67,9,35.04684653413776
67,10,50.91682751771987
67,11,66.22979907613441
67,12,18.89458091834049
68,1,46.771634004910574
68,2,69.78965986088643
68,3,93.69959437072481
68,4,29.213587856408147
68,5,46.86221992371
68,6,69.88024577968585
68,7,93.79018028952423
68,8,29.304173775207573
68,9,46.95280584250942
68,10,69.97083169848528
68,11,93.88076620832365
68,12,29.394759694007
69,1,46.92860608819936
69,2,72.34490657808189
69,3,99.39083702427439
69,4,33.55378966075996
69,5,47.126533246132894
69,6,72.54283373601544
69,7,99.58876418220794
69,8,33.751716818693495
69,9,47.324460404066436
69,10,72.74076089394897
69,11,99.78669134014147
69,12,33.94964397662703
70,1,40.503541297271326
70,2,69.06595537129455
70,3,98.39130751007123
70,4,24.5611304139953
70,5,40.20256561252802
70,6,68.76497968655126
70,7,98.09033182532792
70,8,24.260154729252
70,9,39.90158992778473
70,10,68.46400400180796
70,11,97.78935614058463
70,12,23.95917904450871
71,1,35.84237101314778
71,2,55.328386342509454
71,3,99.21557026295878
71,4,16.268597386790198
71,5,33.48096441420355
71,6,52.96697974356522
71,7,96.85416366401455
71,8,13.907190787845963
71,9,31.119557815259313
71,10,50.60557314462098
71,11,94.49275706507032
71,12,11.545784188901735
72,1,36.773871247201456
72,2,56.66838923800194
72,3,80.41648820369531
72,4,15.749040828186214
72,5,36.803497022848035
72,6,56.69801501364852
72,7,80.44611397934187
72,8,15.778666603832793
72,9,36.833122798494614
72,10,56.7276407892951
72,11,80.47573975498847
72,12,15.808292379479372
73,1,35.92031842378484
73,2,53.90696409506822
73,3,88.94150558180993
73,4,14.62465106773924
73,5,33.412637690237204
73,6,51.39928336152058
73,7,86.4338248482623
73,8,12.116970334191603
73,9,30.904956956689574
73,10,48.89160262797295
73,11,83.92614411471467
73,12,9.609289600643965
74,1,29.306660732331693
74,2,49.590077209902766
74,3,83.78333318695108
74,4,7.481105310073783
74,5,26.058082182397435
74,6,46.34149865996851
74,7,80.53475463701682
74,8,4.232526760139525
74,9,22.809503632463183
74,10,43.09292011003426
74,11,77.28617608708257
74,12,0.9839482102052735
75,1,41.82199115020967
75,2,68.58990060277603
75,3,120.04821584389529
75,4,32.321078762284536
75,5,41.61726217302399
75,6,68.38517162559033
75,7,119.8434868667096
75,8,32.11634978509884
75,9,41.41253319583829
75,10,68.18044264840464
75,11,119.6387578895239
75,12,31.91162080791316
76,1,40.90206840171744
76,2,63.926460598810365
76,3,102.93041490764548
76,4,27.78206129516351
76,5,40.675177458775394
76,6,63.69956965586832
76,7,102.70352396470345
76,8,27.555170352221467
76,9,40.448286515833345
76,10,63.472678712926275
76,11,102.4766330217614
76,12,27.328279409279418
77,1,34.058645403721556
77,2,52.832507429278394
77,3,57.034142510229046
77,4,13.254589709947965
77,5,33.75738616804505
77,6,52.5312481936019
77,7,56.73288327455255
77,8,12.953330474271468
77,9,33.45612693236855
77,10,52.229988957925386
77,11,56.431624038876045
77,12,12.652071238594964
78,1,38.51464172768169
78,2,64.98162025745069
78,3,104.92987273714299
78,4,26.534440690203272
78,5,38.21491206815897
78,6,64.68189059792796
78,7,104.63014307762026
78,8,26.23471103068054
78,9,37.91518240863624
78,10,64.38216093840522
78,11,104.33041341809752
78,12,25.934981371157807
79,1,33.84148432656255
79,2,55.920168988362676
79,3,69.62903278057846
79,4,13.395309891275339
79,5,33.58200555487534
79,6,55.66069021667546
79,7,69.36955400889124
79,8,13.135831119588126
79,9,33.322526783188124
79,10,55.40121144498824
79,11,69.11007523720401
79,12,12.876352347900905
80,1,29.949010909693932
80,2,54.69660050987323
80,3,80.51451488185725
80,4,12.591737224541369
80,5,29.620226983895982
80,6,54.36781658407528
80,7,80.1857309560593
80,8,12.262953298743419
80,9,29.291443058098032
80,10,54.03903265827733
80,11,79.85694703026135
80,12,11.934169372945476
81,1,37.05020224604935
81,2,62.78130278703591
81,3,89.719038031022
81,4,18.93492331207314
81,5,36.813758830855235
81,6,62.544859371841795
81,7,89.48259461582788
81,8,18.698479896879014
81,9,36.577315415661104
81,10,62.30841595664768
81,11,89.24615120063376
81,12,18.462036481684898
82,1,28.454352837823187
82,2,47.32514921311531
82,3,65.9989982237309
82,4,11.226719793303062
82,5,27.593922846265727
82,6,46.46471922155785
82,7,65.13856823217343
82,8,10.366289801745602
82,9,26.73349285470826
82,10,45.60428923000039
82,11,64.27813824061597
82,12,9.505859810188134
83,1,40.95044957236349
83,2,57.713952107347644
83,3,71.70792790786122
83,4,22.627367900829167
83,5,40.811253518023754
83,6,57.5747560530079
83,7,71.56873185352148
83,8,22.488171846489426
83,9,40.67205746368402
83,10,57.43555999866817
83,11,71.42953579918175
83,12,22.34897579214969
84,1,40.95488719255772
84,2,65.14119873499493
84,3,89.60191783563295
84,4,23.344102477057888
84,5,40.747060112741096
84,6,64.93337165517832
84,7,89.39409075581634
84,8,23.13627539724127
84,9,40.53923303292447
84,10,64.7255445753617
84,11,89.18626367599971
84,12,22.928448317424646
85,1,39.604905782119104
85,2,65.11158121284318
85,3,107.73554091905396
85,4,25.623672808243718
85,5,39.125693859484684
85,6,64.63236929020876
85,7,107.25632899641954
85,8,25.1444608856093
85,9,38.646481936850265
85,10,64.15315736757434
85,11,106.77711707378512
85,12,24.66524896297488
86,1,37.66075245218151
86,2,55.37920194459105
86,3,72.87059096656336
86,4,20.011994407896886
86,5,37.20948018912256
86,6,54.9279296815321
86,7,72.4193187035044
86,8,19.560722144837932
86,9,36.758207926063605
86,10,54.476657418473145
86,11,71.96804644044545
86,12,19.10944988177898
87,1,31.764493833961374
87,2,56.546925985148825
87,3,86.92273511410589
87,4,19.815277703668684
87,5,31.468607067550302
87,6,56.251039218737745
87,7,86.62684834769482
87,8,19.519390937257604
87,9,31.17272030113923
87,10,55.95515245232667
87,11,86.33096158128373
87,12,19.22350417084653
88,1,41.667724315202506
88,2,80.856367298206
88,3,112.29068754863184
88,4,25.467982068486926
88,5,42.07375726122416
88,6,81.26240024422763
88,7,112.69672049465348
88,8,25.874015014508572
88,9,42.4797902072458
88,10,81.66843319024929
88,11,113.10275344067512
88,12,26.28004796053021
89,1,40.09723132373132
89,2,68.11399712084523
89,3,80.59519209917414
89,4,15.8328128573364
89,5,40.577704692210375
89,6,68.59447048932428
89,7,81.0756654676532
89,8,16.313286225815453
89,9,41.05817806068943
89,10,69.07494385780332
89,11,81.55613883613225
89,12,16.7937595942945
90,1,40.8201720043828
90,2,75.72304255558763
90,3,99.56303013409806
90,4,19.40304130396069
90,5,41.29754200768332
90,6,76.20041255888813
90,7,100.04040013739859
90,8,19.880411307261205
90,9,41.77491201098384
90,10,76.67778256218867
90,11,100.5177701406991
90,12,20.357781310561727
91,1,48.972727078527356
91,2,91.66186599465334
91,3,132.68227120007145
91,4,32.305578918515025
91,5,49.6044663487973
91,6,92.29360526492329
91,7,133.31401047034143
91,8,32.93731818878497
91,9,50.23620561906725
91,10,92.92534453519323
91,11,133.94574974061135
91,12,33.56905745905492
92,1,44.41250710797571
92,2,87.22248084614192
92,3,123.78245563051627
92,4,29.17250769003003
92,5,44.92068058162047
92,6,87.73065431978668
92,7,124.29062910416104
92,8,29.680681163674805
92,9,45.42885405526525
92,10,88.23882779343144
92,11,124.79880257780579
92,12,30.188854637319565
93,1,43.102420556473426
93,2,83.34270263838246
93,3,116.52597317035637
93,4,25.054143925444016
93,5,43.61567188600808
93,6,83.85595396791709
93,7,117.03922449989102
93,8,25.56739525497867
93,9,44.12892321554272
93,10,84.36920529745174
93,11,117.55247582942567
93,12,26.08064658451331
94,1,41.09651772290756
94,2,80.11126777153127
94,3,110.38631873857824
94,4,25.05136462267901
94,5,41.43579131100961
94,6,80.45054135963332
94,7,110.7255923266803
94,8,25.39063821078105
94,9,41.775064899111655
94,10,80.78981494773535
94,11,111.06486591478233
94,12,25.729911798883094
95,1,36.38639298158126
95,2,63.294957049866596
95,3,84.54634832626485
95,4,20.134859340367424
95,5,36.807005656751
95,6,63.71556972503634
95,7,84.9669610014346
95,8,20.55547201553716
95,9,37.22761833192074
95,10,64.13618240020608
95,11,85.38757367660435
95,12,20.9760846907069
96,1,43.5292810260823
96,2,75.16517292624096
96,3,97.99922155971419
96,4,23.395505044983224
96,5,43.964416382093376
96,6,75.60030828225204
96,7,98.43435691572526
96,8,23.830640400994298
96,9,44.39955173810445
96,10,76.03544363826312
96,11,98.86949227173633
96,12,24.26577575700538
97,1,46.092861251691644
97,2,87.63706503486553
97,3,124.48505532974983
97,4,29.980890652914553
97,5,46.45492692450088
97,6,87.99913070767477
97,7,124.84712100255906
97,8,30.34295632572379
97,9,46.81699259731012
97,10,88.361196380484
97,11,125.2091866753683
97,12,30.705021998533027
98,1,39.65581529326511
98,2,74.75984916931579
98,3,105.92604438596558
98,4,23.565972380999398
98,5,39.89245964186848
98,6,74.99649351791915
98,7,106.16268873456896
98,8,23.802616729602768
98,9,40.12910399047185
98,10,75.23313786652253
98,11,106.39933308317234
98,12,24.039261078206138
99,1,39.99356285508405
99,2,77.5933419949141
99,3,108.47376165692569
99,4,23.113488949902518
99,5,40.355165990948564
99,6,77.95494513077861
99,7,108.83536479279019
99,8,23.47509208576703
99,9,40.71676912681307
99,10,78.31654826664311
99,11,109.19696792865471
99,12,23.836695221631537
100,1,44.50822603929977
100,2,84.85383694953651
100,3,120.80254209530963
100,4,28.114349278420654
100,5,44.94097965701128
100,6,85.28659056724803
100,7,121.23529571302115
100,8,28.547102896132166
100,9,45.373733274722795
100,10,85.71934418495954
100,11,121.66804933073266
100,12,28.97985651384368
101,1,40.51463707513305
101,2,78.59456322426676
101,3,110.61494095191462
101,4,23.775048738930778
101,5,40.85863164893409
101,6,78.9385577980678
101,7,110.95893552571566
101,8,24.11904331273182
101,9,41.202626222735134
101,10,79.28255237186885
101,11,111.3029300995167
101,12,24.46303788653286
102,1,36.33585137385412
102,2,58.874670850602755
102,3,77.40350345113212
102,4,17.91385223436839
102,5,36.275864897682226
102,6,58.81468437443086
102,7,77.34351697496022
102,8,17.85386575819649
102,9,36.215878421510325
102,10,58.75469789825897
102,11,77.28353049878834
102,12,17.793879282024598
103,1,36.21381241744608
103,2,64.0086520017746
103,3,90.29827416086451
103,4,20.107842830722767
103,5,35.729061648159615
103,6,63.523901232488136
103,7,89.81352339157803
103,8,19.623092061436303
103,9,35.24431087887314
103,10,63.039150463201665
103,11,89.32877262229158
103,12,19.138341292149832
104,1,40.46623848863945
104,2,69.25254693035721
104,3,99.11585013379789
104,4,26.92279301419464
104,5,40.27772588796556
104,6,69.06403432968332
104,7,98.92733753312402
104,8,26.73428041352075
104,9,40.08921328729167
104,10,68.87552172900944
104,11,98.73882493245013
104,12,26.54576781284687
105,1,37.3764649888133
105,2,67.09288321461881
105,3,92.56966119038182
105,4,24.273671246427586
105,5,37.25501300610287
105,6,66.97143123190838
105,7,92.4482092076714
105,8,24.15221926371716
105,9,37.133561023392446
105,10,66.84997924919796
105,11,92.32675722496097
105,12,24.030767281006735
106,1,43.009627830623415
106,2,68.64639290297538
106,3,94.97645213830313
106,4,29.236339318462367
106,5,43.05319450587382
106,6,68.68995957822577
106,7,95.02001881355355
106,8,29.279905993712763
106,9,43.09676118112422
106,10,68.73352625347617
106,11,95.06358548880394
106,12,29.323472668963166
107,1,35.30648614337604
107,2,58.90698353298645
107,3,78.14418486314324
107,4,23.22741923516815
107,5,35.31315272530436
107,6,58.91365011491477
107,7,78.15085144507155
107,8,23.23408581709647
107,9,35.31981930723268
107,10,58.920316696843095
107,11,78.15751802699988
107,12,23.240752399024785
108,1,48.11545417651828
108,2,72.34945373212403
108,3,95.99087658635082
108,4,33.102943979571705
108,5,48.32144106168326
108,6,72.55544061728901
108,7,96.1968634715158
108,8,33.30893086473669
108,9,48.52742794684825
108,10,72.761427502454
108,11,96.40285035668079
108,12,33.51491774990167
109,1,46.33284621415769
109,2,68.84999328419082
109,3,90.51855685994953
109,4,28.967132850805516
109,5,46.3753725329356
109,6,68.89251960296873
109,7,90.56108317872743
109,8,29.009659169583426
109,9,46.41789885171351
109,10,68.93504592174664
109,11,90.60360949750533
109,12,29.052185488361335
110,1,42.37574103171192
110,2,63.68263753207572
110,3,85.48667522367303
110,4,25.606931109141716
110,5,42.463486222647894
110,6,63.77038272301169
110,7,85.574420414609
110,8,25.694676300077685
110,9,42.551231413583864
110,10,63.85812791394766
110,11,85.66216560554497
110,12,25.78242149101366
