field_id,forecast_step,forecast_ET,forecast_lower_10,forecast_upper_90
0,1,38.72538757324219,29.39856719970703,47.506771087646484
0,2,53.72465515136719,26.125999450683594,64.3604965209961
0,3,84.26861572265625,72.54191589355469,94.4681167602539
0,4,19.635406494140625,15.217440605163574,47.01588821411133
0,5,44.45237731933594,33.2165641784668,50.77933883666992
0,6,53.72465515136719,35.99824523925781,93.48634338378906
0,7,85.35946655273438,76.19628143310547,127.63014221191406
0,8,45.815948486328125,20.67171859741211,51.87019729614258
0,9,45.815948486328125,29.943994522094727,57.32447814941406
0,10,106.90387725830078,49.797569274902344,130.9027099609375
0,11,139.35684204101562,74.55999755859375,183.2637939453125
0,12,29.180397033691406,16.908266067504883,40.798011779785156
1,1,34.81602478027344,25.90658187866211,42.471221923828125
1,2,54.4946403503418,46.233943939208984,62.71208953857422
1,3,81.09321594238281,70.92953491210938,91.25689697265625
1,4,22.92234992980957,15.56989860534668,30.707300186157227
1,5,60.549598693847656,51.38066101074219,70.49703979492188
1,6,93.85188293457031,73.4380111694336,106.39430236816406
1,7,105.0968017578125,91.99214172363281,115.47673797607422
1,8,22.057353973388672,15.094151496887207,30.318050384521484
1,9,67.90205383300781,57.52212142944336,73.0920181274414
1,10,92.98689270019531,83.86119079589844,100.8150863647461
1,11,112.01676177978516,102.02607727050781,118.07172393798828
1,12,38.059749603271484,28.025815963745117,45.49870300292969
2,1,34.623294830322266,30.6090030670166,39.64116287231445
2,2,58.20728302001953,46.16439437866211,67.28962707519531
2,3,120.4288558959961,109.69062042236328,130.9663848876953
2,4,21.576839447021484,16.05718231201172,28.15024757385254
2,5,34.12150955200195,28.60185432434082,39.741519927978516
2,6,48.924224853515625,42.15010070800781,58.20728302001953
2,7,102.3645248413086,91.27503967285156,110.94508361816406
2,8,47.16796875,40.042598724365234,53.691200256347656
2,9,44.157249450683594,36.63044738769531,50.2288703918457
2,10,111.39669036865234,104.87345886230469,118.42170715332031
2,11,181.89776611328125,171.05914306640625,192.68617248535156
2,12,15.555394172668457,10.989133834838867,20.57326316833496
3,1,44.088619232177734,36.578609466552734,52.38325500488281
3,2,72.85831451416016,65.01203155517578,79.99468994140625
3,3,68.56153869628906,60.528446197509766,75.51110076904297
3,4,14.384847640991211,8.929814338684082,22.417943954467773
3,5,44.649070739746094,28.321334838867188,54.21405792236328
3,6,72.48468017578125,60.78998947143555,85.56181335449219
3,7,73.23194885253906,65.34830474853516,83.0211181640625
3,8,18.121170043945312,11.881510734558105,25.033369064331055
3,9,58.099830627441406,48.53484344482422,68.78572082519531
3,10,92.84764099121094,75.39901733398438,109.51165008544922
3,11,84.81454467773438,70.87805938720703,92.66082763671875
3,12,17.74753761291504,13.077134132385254,24.697099685668945
4,1,23.24457550048828,19.370481491088867,28.77899932861328
4,2,42.615055084228516,37.02528762817383,47.706722259521484
4,3,76.65174865722656,69.12493896484375,83.56978607177734
4,4,19.92392349243164,15.496384620666504,23.798019409179688
4,5,30.16260528564453,23.798019409179688,39.40509033203125
4,6,31.54621124267578,27.6721134185791,39.34974670410156
4,7,92.97830200195312,84.62132263183594,99.61961364746094
4,8,19.647201538085938,15.496384620666504,33.31722640991211
4,9,43.72193908691406,34.258079528808594,51.525474548339844
4,10,49.25636291503906,39.737159729003906,91.92676544189453
4,11,109.58157348632812,95.63482666015625,156.67950439453125
4,12,48.979644775390625,21.473560333251953,55.3442268371582
5,1,26.56757354736328,18.88665199279785,33.669795989990234
5,2,51.819923400878906,45.76987838745117,62.13129425048828
5,3,71.02222442626953,59.2904052734375,92.06584167480469
5,4,17.624034881591797,12.10008430480957,22.09580421447754
5,5,54.713417053222656,46.29597091674805,63.183475494384766
5,6,112.58338165283203,103.11375427246094,121.0008316040039
5,7,148.094482421875,137.25701904296875,155.72280883789062
5,8,23.147985458374023,17.36098861694336,31.039342880249023
5,9,65.76132202148438,56.817779541015625,73.65267181396484
5,10,102.06156158447266,93.06541442871094,111.16293334960938
5,11,134.15309143066406,125.63042449951172,141.5709686279297
5,12,48.40032958984375,39.930274963378906,54.18732452392578
6,1,27.615537643432617,23.825170516967773,33.57183074951172
6,2,47.65034103393555,42.72285842895508,54.20226287841797
6,3,78.24402618408203,70.39254760742188,88.80290985107422
6,4,23.825170516967773,18.410358428955078,27.128204345703125
6,5,44.94293212890625,31.35175895690918,59.075592041015625
6,6,43.047752380371094,31.947385787963867,127.84368896484375
6,7,101.5277099609375,91.99764251708984,153.34744262695312
6,8,19.493322372436523,13.482881546020508,27.615537643432617
6,9,51.16996383666992,40.55693435668945,75.86150360107422
6,10,112.89881134033203,46.56737518310547,127.30220794677734
6,11,127.78954315185547,100.71549224853516,145.22523498535156
6,12,47.65034103393555,35.14212417602539,53.66078186035156
7,1,28.951595306396484,22.931501388549805,35.890785217285156
7,2,42.27851867675781,35.84482955932617,52.848148345947266
7,3,65.02619934082031,53.261741638183594,87.86579132080078
7,4,15.854446411132812,10.11008071899414,23.482959747314453
7,5,44.34648895263672,34.92573165893555,52.89410400390625
7,6,91.45027923583984,48.06884002685547,104.3176498413086
7,7,122.46984100341797,82.58097839355469,135.10743713378906
7,8,21.139259338378906,13.786474227905273,31.70888900756836
7,9,54.45656967163086,41.3134651184082,64.47473907470703
7,10,89.6120834350586,78.12335205078125,101.19271850585938
7,11,123.61871337890625,110.659423828125,131.93655395507812
7,12,35.615055084228516,19.301063537597656,43.74907684326172
8,1,28.57683563232422,19.570802688598633,41.046730041503906
8,2,45.0301628112793,39.25706481933594,58.30828857421875
8,3,87.17378234863281,73.8956527709961,111.478515625
8,4,24.247011184692383,16.741985321044922,34.11901092529297
8,5,44.74150848388672,33.483970642089844,53.68981170654297
8,6,46.18478775024414,35.21590042114258,61.82988357543945
8,7,114.88465118408203,101.02921295166016,133.3585662841797
8,8,28.57683563232422,20.725421905517578,40.98899841308594
8,9,47.91671371459961,38.564292907714844,58.30828857421875
8,10,54.84442901611328,41.508575439453125,91.2149429321289
8,11,120.08043670654297,104.43534851074219,150.9665069580078
8,12,30.88607406616211,16.164674758911133,40.411685943603516
9,1,33.583045959472656,25.681154251098633,43.509803771972656
9,2,60.0050048828125,49.33744812011719,68.69708251953125
9,3,97.53900146484375,81.48827362060547,110.23140716552734
9,4,20.001667022705078,15.309918403625488,25.236671447753906
9,5,61.23967361450195,54.27613067626953,70.2774658203125
9,6,99.51446533203125,87.85918426513672,108.20655059814453
9,7,131.3689727783203,120.99773406982422,138.82638549804688
9,8,20.989404678344727,15.260531425476074,29.187618255615234
9,9,68.1538314819336,60.15316390991211,76.05572509765625
9,10,104.45315551757812,95.31658172607422,111.66362762451172
9,11,139.51779174804688,124.45481872558594,146.18502807617188
9,12,44.448150634765625,39.41069412231445,49.88070297241211
10,1,35.52629852294922,27.297039031982422,42.18998336791992
10,2,42.350555419921875,34.92415237426758,50.579811096191406
10,3,52.586944580078125,42.43083953857422,76.35142517089844
10,4,18.264930725097656,12.04281234741211,25.731473922729492
10,5,48.57267379760742,39.70113754272461,54.995506286621094
10,6,59.00978088378906,50.539669036865234,83.65739440917969
10,7,76.87327575683594,64.54947662353516,97.18549346923828
10,8,15.856369972229004,10.437104225158691,23.84476661682129
10,9,44.95983123779297,36.12843704223633,55.95893096923828
10,10,61.819766998291016,46.44511032104492,86.06596374511719
10,11,84.70110321044922,64.54947662353516,103.20689392089844
10,12,20.071353912353516,14.049947738647461,30.26759910583496
11,1,32.70381164550781,25.970674514770508,38.95601272583008
11,2,35.58944320678711,28.856306076049805,44.246334075927734
11,3,80.31671905517578,70.21701049804688,94.50440216064453
11,4,25.970674514770508,19.189443588256836,32.75190734863281
11,5,69.01466369628906,58.67448806762695,81.90380859375
11,6,94.26393127441406,84.5008773803711,111.0967788696289
11,7,128.1700897216797,112.9724349975586,139.9530792236328
11,8,17.794721603393555,10.532551765441895,29.81818199157715
11,9,38.23460388183594,29.241056442260742,60.11730194091797
11,10,42.80352020263672,30.29911994934082,88.01173400878906
11,11,90.17594909667969,73.00645446777344,120.23460388183594
11,12,28.3753662109375,18.75659942626953,39.10029602050781
12,1,35.120994567871094,27.295377731323242,44.785160064697266
12,2,35.35670852661133,24.938264846801758,44.785160064697266
12,3,70.24198913574219,55.156463623046875,79.81187438964844
12,4,22.392581939697266,11.691286087036133,30.642480850219727
12,5,55.86359405517578,39.08094787597656,72.74053192138672
12,6,75.89906311035156,49.9708137512207,95.3216781616211
12,7,98.99877166748047,76.08763885498047,117.43141174316406
12,8,15.792662620544434,8.485610008239746,26.91823959350586
12,9,48.556541442871094,35.78098678588867,67.03630828857422
12,10,49.0279655456543,31.96246337890625,84.38467407226562
12,11,80.61328887939453,61.002105712890625,109.51150512695312
12,12,21.449737548828125,9.852736473083496,43.93659973144531
13,1,38.977142333984375,29.610992431640625,47.121620178222656
13,2,31.414413452148438,21.524690628051758,43.049381256103516
13,3,109.36869812011719,97.09381103515625,119.31658935546875
13,4,33.450531005859375,22.688188552856445,41.478660583496094
13,5,36.06840133666992,26.178678512573242,84.52804565429688
13,6,45.95812225341797,33.683231353759766,114.77896118164062
13,7,92.20711517333984,81.44477081298828,155.385009765625
13,8,25.015182495117188,12.79846477508545,37.929996490478516
13,9,39.55889129638672,28.505672454833984,50.03036117553711
13,10,67.19194030761719,38.16269302368164,86.15693664550781
13,11,136.71087646484375,99.4207992553711,154.22149658203125
13,12,15.707207679748535,9.249799728393555,35.60300064086914
14,1,33.29212951660156,27.5899658203125,39.702632904052734
14,2,25.854528427124023,19.125267028808594,35.16923904418945
14,3,51.70905685424805,45.29854965209961,60.634178161621094
14,4,24.43783950805664,19.47943878173828,30.104585647583008
14,5,47.63608169555664,42.46517562866211,54.61326217651367
14,6,54.54242706298828,49.90277862548828,64.1404800415039
14,7,71.89683532714844,66.58425903320312,81.14071655273438
14,8,15.760637283325195,11.65224552154541,21.391965866088867
14,9,44.094364166259766,36.090087890625,51.77989196777344
14,10,54.54242706298828,36.83384704589844,64.45923614501953
14,11,55.60493850708008,45.6527214050293,71.22390747070312
14,12,17.177322387695312,9.527216911315918,25.14618492126465
15,1,33.629817962646484,27.206144332885742,41.942806243896484
15,2,52.90083312988281,45.343570709228516,61.66726303100586
15,3,78.21765899658203,69.33787536621094,84.67912292480469
15,4,18.32636260986328,12.80955982208252,25.770263671875
15,5,41.942806243896484,34.650047302246094,50.67144012451172
15,6,60.83596420288086,52.90083312988281,72.54971313476562
15,7,79.16232299804688,71.30276489257812,88.41996765136719
15,8,22.48285484313965,15.454601287841797,30.60691261291504
15,9,42.69852828979492,33.96989440917969,54.827938079833984
15,10,63.10314178466797,53.58098602294922,74.09896087646484
15,11,80.86270904541016,71.71841430664062,90.72492980957031
15,12,21.727130889892578,15.076738357543945,26.450416564941406
16,1,37.94363784790039,29.6411190032959,43.95451354980469
16,2,56.72761917114258,47.29806137084961,65.4433822631836
16,3,74.00888061523438,64.61688995361328,81.5600357055664
16,4,19.159658432006836,13.111218452453613,26.33513832092285
16,5,46.20859146118164,37.56795883178711,54.473541259765625
16,6,65.55609130859375,53.68461227416992,78.89270782470703
16,7,79.8319091796875,67.2090835571289,89.52444458007812
16,8,22.352935791015625,17.16855812072754,31.557085037231445
16,9,46.9599494934082,38.2817497253418,57.40384292602539
16,10,69.12504577636719,58.19276809692383,81.25949096679688
16,11,81.14678955078125,72.50615692138672,93.54421997070312
16,12,21.78941535949707,15.70340633392334,28.589216232299805
17,1,45.74413299560547,38.02109146118164,53.863216400146484
17,2,60.20006561279297,47.84320831298828,67.4082260131836
17,3,64.55664825439453,56.63558578491211,72.55692291259766
17,4,21.386865615844727,16.594623565673828,27.367267608642578
17,5,50.29874038696289,42.734127044677734,56.67518997192383
17,6,62.972434997558594,54.49690246582031,73.70547485351562
17,7,65.94284057617188,55.40782165527344,77.26995086669922
17,8,22.57502555847168,14.25791072845459,30.258453369140625
17,9,48.516502380371094,40.75386047363281,55.88308334350586
17,10,66.53691101074219,55.328609466552734,76.47784423828125
17,11,73.26981353759766,57.427696228027344,90.77536010742188
17,12,19.010547637939453,12.23803997039795,26.179107666015625
18,1,41.54201889038086,34.36824035644531,47.947174072265625
18,2,59.84246826171875,51.57065963745117,69.90770721435547
18,3,79.24093627929688,66.97964477539062,90.80682373046875
18,4,16.65340805053711,9.809041023254395,23.095165252685547
18,5,57.09739685058594,49.37460708618164,64.41757202148438
18,6,80.52197265625,67.30905151367188,90.0382080078125
18,7,74.66582489013672,66.90644073486328,84.18206024169922
18,8,25.98663902282715,19.032466888427734,32.20878982543945
18,9,61.85551452636719,49.74061584472656,68.55347442626953
18,10,86.0121078491211,73.16519165039062,96.77276611328125
18,11,73.75080871582031,67.67505645751953,82.35201263427734
18,12,24.522600173950195,17.202421188354492,30.744752883911133
19,1,40.50709533691406,33.40906524658203,46.49025344848633
19,2,60.760643005371094,53.476802825927734,67.67286682128906
19,3,68.37895202636719,58.679542541503906,79.26756286621094
19,4,16.351490020751953,12.635241508483887,23.449522018432617
19,5,39.76384735107422,33.44622802734375,48.3483772277832
19,6,62.06133270263672,54.62883758544922,68.4161148071289
19,7,67.63570404052734,56.04100799560547,79.15607452392578
19,8,18.76704978942871,14.45620346069336,26.385358810424805
19,9,40.692909240722656,31.922563552856445,48.75716781616211
19,10,66.14920806884766,59.08832931518555,73.58169555664062
19,11,70.60870361328125,57.97345733642578,84.3959732055664
19,12,17.837987899780273,13.378491401672363,24.564395904541016
20,1,34.98408889770508,27.862329483032227,42.064205169677734
20,2,57.47386169433594,49.144317626953125,64.97045135498047
20,3,84.12841033935547,77.04829406738281,92.45795440673828
20,4,17.49204444885254,10.786761283874512,26.279714584350586
20,5,35.40056610107422,28.320453643798828,42.93880844116211
20,6,54.55852508544922,46.18732833862305,61.63863754272461
20,7,76.423583984375,69.96817779541016,84.54488372802734
20,8,28.320453643798828,18.699831008911133,33.73466110229492
20,9,37.48295593261719,29.11176109313965,44.56306838989258
20,10,63.09630584716797,54.933353424072266,75.42403411865234
20,11,86.00255584716797,75.79886627197266,110.44977569580078
20,12,21.656818389892578,16.20096778869629,30.819318771362305
21,1,38.535125732421875,31.52873992919922,44.271602630615234
21,2,73.12915802001953,59.992183685302734,83.20083618164062
21,3,119.98436737060547,109.0368881225586,131.80764770507812
21,4,19.048614501953125,11.385377883911133,26.31774139404297
21,5,42.91411590576172,35.42604446411133,55.613189697265625
21,6,61.52482604980469,47.687217712402344,77.55194091796875
21,7,86.2661361694336,77.02645111083984,100.71680450439453
21,8,28.025545120239258,21.41326904296875,36.78352737426758
21,9,46.1983642578125,35.99531173706055,57.40857696533203
21,10,84.5145263671875,66.99856567382812,98.96520233154297
21,11,112.75902557373047,105.00821685791016,122.17385864257812
21,12,24.522354125976562,17.428386688232422,28.901344299316406
22,1,33.98228454589844,26.952617645263672,38.97968292236328
22,2,29.817790985107422,19.95626449584961,37.347198486328125
22,3,43.31075668334961,34.581974029541016,53.005699157714844
22,4,17.324302673339844,10.661109924316406,23.021331787109375
22,5,37.813621520996094,30.950532913208008,46.04266357421875
22,6,47.80841064453125,39.546051025390625,58.00309753417969
22,7,54.30502700805664,44.610076904296875,63.70012664794922
22,8,11.827169418334961,7.596041202545166,17.99062156677246
22,9,40.64548110961914,33.61581039428711,49.74074172973633
22,10,51.473167419433594,42.61111831665039,58.302940368652344
22,11,42.64443588256836,30.58405876159668,62.33417510986328
22,12,10.161369323730469,4.664236068725586,19.02341651916504
23,1,36.69243621826172,31.25651741027832,46.20528793334961
23,2,54.585655212402344,47.56427001953125,63.41901779174805
23,3,86.97465515136719,77.86949920654297,96.07981872558594
23,4,28.085567474365234,19.025707244873047,36.239444732666016
23,5,38.5044059753418,29.897539138793945,46.65827941894531
23,6,55.2651481628418,47.06597137451172,66.63526916503906
23,7,83.12422180175781,73.29427337646484,95.173828125
23,8,29.444547653198242,19.93169403076172,38.5044059753418
23,9,38.5044059753418,30.758224487304688,45.344600677490234
23,10,57.530113220214844,48.92324447631836,69.76092529296875
23,11,83.57720947265625,72.4788818359375,97.84648895263672
23,12,28.085567474365234,20.747079849243164,35.42405319213867
24,1,36.59988021850586,28.112953186035156,44.55637741088867
24,2,58.612850189208984,47.68593215942383,95.47795104980469
24,3,86.72579956054688,74.20758056640625,150.112548828125
24,4,30.234683990478516,15.329516410827637,44.13203048706055
24,5,42.43464660644531,35.48596954345703,51.98244094848633
24,6,63.6519660949707,49.8607063293457,76.96583557128906
24,7,127.83436584472656,91.1283950805664,143.3760528564453
24,8,25.991220474243164,12.730393409729004,43.548553466796875
24,9,41.90420913696289,31.825984954833984,52.035484313964844
24,10,64.1823959350586,48.05723571777344,93.51534271240234
24,11,100.25184631347656,84.81623840332031,132.23696899414062
24,12,39.78247833251953,23.816444396972656,52.565914154052734
25,1,24.6629695892334,18.810739517211914,32.6470832824707
25,2,45.56379318237305,38.41571044921875,54.760154724121094
25,3,55.596187591552734,46.3580207824707,63.53849792480469
25,4,51.20701599121094,40.840206146240234,62.28445053100586
25,5,27.380077362060547,18.810739517211914,34.277347564697266
25,6,38.03949737548828,27.1292667388916,48.155494689941406
25,7,58.10428237915039,50.078369140625,69.85054779052734
25,8,80.05014038085938,37.53787612915039,128.16383361816406
25,9,19.646772384643555,10.826626777648926,29.302949905395508
25,10,40.12957763671875,31.769248962402344,51.45782470703125
25,11,62.911476135253906,52.62826919555664,73.65449523925781
25,12,75.45196533203125,36.492835998535156,92.88324737548828
26,1,32.00834274291992,25.606672286987305,42.784481048583984
26,2,96.29176330566406,88.55641174316406,106.16099548339844
26,3,176.04586791992188,165.90989685058594,187.3021240234375
26,4,26.673616409301758,16.00417137145996,35.79599380493164
26,5,37.60980224609375,30.40792465209961,46.9455680847168
26,6,48.545982360839844,42.090965270996094,57.66836166381836
26,7,109.0950927734375,99.75932312011719,120.77812957763672
26,8,25.606672286987305,17.551240921020508,39.10352325439453
26,9,36.80958938598633,30.834701538085938,49.13280487060547
26,10,66.15057373046875,49.02610778808594,96.078369140625
26,11,151.50613403320312,103.4936294555664,166.4967041015625
26,12,35.742645263671875,19.205005645751953,66.31061553955078
27,1,32.473533630371094,24.84225082397461,42.810935974121094
27,2,92.549560546875,84.4311752319336,102.88697052001953
27,3,175.89830017089844,166.64332580566406,186.1815643310547
27,4,30.308629989624023,20.56656837463379,40.050689697265625
27,5,41.13313674926758,32.419410705566406,49.30564498901367
27,6,54.393165588378906,44.32637023925781,66.67898559570312
27,7,98.23243713378906,87.6244125366211,123.45353698730469
27,8,28.95556640625,18.780527114868164,38.4270133972168
27,9,44.92171859741211,35.17966079711914,58.452354431152344
27,10,86.59608459472656,55.15087890625,99.63961791992188
27,11,162.36764526367188,116.90470886230469,175.95242309570312
27,12,26.24943733215332,17.265094757080078,56.88280487060547
28,1,39.23965835571289,32.61478042602539,50.501953125
28,2,48.6673698425293,33.073429107666016,63.751708984375
28,3,110.83929443359375,85.56283569335938,129.49087524414062
28,4,38.2204475402832,24.91973304748535,51.52116394042969
28,5,43.826114654541016,36.64067077636719,53.55958938598633
28,6,78.73411560058594,48.51449203491211,100.44334411621094
28,7,148.29534912109375,104.16345977783203,166.284423828125
28,8,20.893844604492188,15.746825218200684,37.201236724853516
28,9,38.73005294799805,31.595571517944336,59.92966079711914
28,10,47.39335632324219,35.67241668701172,120.57276916503906
28,11,101.66639709472656,78.0716323852539,166.69212341308594
28,12,27.009117126464844,16.715076446533203,39.749263763427734
29,1,30.168731689453125,22.874773025512695,37.424503326416016
29,2,39.52485656738281,34.369441986083984,48.91917419433594
29,3,45.634979248046875,35.89697265625,67.2495346069336
29,4,40.09768295288086,21.69093894958496,64.57636260986328
29,5,28.068378448486328,19.094135284423828,40.47956848144531
29,6,40.8614501953125,30.856122970581055,48.91917419433594
29,7,60.91028594970703,42.38897705078125,76.49110412597656
29,8,50.21757507324219,4.200710296630859,115.32857513427734
29,9,23.86766815185547,8.019536972045898,34.827701568603516
29,10,39.142974853515625,27.801061630249023,60.33746337890625
29,11,59.573699951171875,50.40851593017578,67.70779418945312
29,12,60.91028594970703,12.984012603759766,117.69624328613281
30,1,35.724239349365234,29.41781997680664,41.99420928955078
30,2,33.71930694580078,25.006967544555664,43.379432678222656
30,3,53.76862716674805,41.52031707763672,62.699684143066406
30,4,22.96558380126953,16.403987884521484,29.162647247314453
30,5,45.7489013671875,37.91143798828125,54.38833236694336
30,6,53.40409469604492,41.55677032470703,68.93319702148438
30,7,72.35981750488281,56.83070373535156,96.6741714477539
30,8,12.211858749389648,8.01972770690918,18.226654052734375
30,9,49.21196365356445,39.69765090942383,58.36174011230469
30,10,70.3548812866211,50.2326545715332,79.14012908935547
30,11,65.25141906738281,52.12822341918945,92.99238586425781
30,12,16.950786590576172,7.509382247924805,29.928165435791016
31,1,36.63225173950195,31.870059967041016,43.62901306152344
31,2,43.22605895996094,34.764007568359375,51.35841751098633
31,3,50.73567199707031,43.18942642211914,59.01456069946289
31,4,22.345674514770508,15.34891414642334,28.20683479309082
31,5,38.4638671875,30.404769897460938,44.76461410522461
31,6,45.607154846191406,37.548057556152344,53.48309326171875
31,7,52.01779556274414,42.859737396240234,62.34809494018555
31,8,17.03399658203125,13.517301559448242,23.44464111328125
31,9,36.08277130126953,29.635494232177734,42.859737396240234
31,10,44.87451171875,35.86297607421875,54.94837951660156
31,11,49.08721923828125,40.29547882080078,61.57881546020508
31,12,19.781415939331055,13.150979042053223,28.939477920532227
32,1,35.00121307373047,28.866979598999023,42.21795654296875
32,2,49.795536041259766,43.264381408691406,56.65144348144531
32,3,61.703163146972656,54.77509307861328,68.63124084472656
32,4,19.846046447753906,12.954057693481445,26.701955795288086
32,5,40.77460479736328,33.52177810668945,45.82632827758789
32,6,47.99135208129883,41.857120513916016,57.40919876098633
32,7,57.91437530517578,50.878047943115234,67.94564819335938
32,8,21.289396286010742,14.433489799499512,27.423629760742188
32,9,36.624977111816406,27.06279182434082,46.54800033569336
32,10,56.11018371582031,47.59443283081055,64.30119323730469
32,11,83.53382110595703,62.42483901977539,95.26103210449219
32,12,18.222278594970703,10.789033889770508,24.573015213012695
33,1,37.41016387939453,32.250144958496094,42.14019012451172
33,2,59.34026336669922,51.98723220825195,68.41329956054688
33,3,81.48536682128906,74.2613296508789,89.48339080810547
33,4,12.470056533813477,7.267033100128174,17.716079711914062
33,5,40.850181579589844,36.12015914916992,49.06321716308594
33,6,55.685245513916016,48.160213470458984,64.54328918457031
33,7,55.470245361328125,47.68721389770508,63.64028549194336
33,8,26.445117950439453,20.2100887298584,31.390140533447266
33,9,36.33515930175781,30.96013832092285,41.71018600463867
33,10,66.22029113769531,58.05025863647461,74.4333267211914
33,11,104.27546691894531,95.84742736816406,110.59648895263672
33,12,9.460042953491211,4.687021255493164,15.09306812286377
34,1,36.90324401855469,30.390905380249023,44.38037109375
34,2,48.721927642822266,41.48599624633789,59.86526107788086
34,3,82.0072021484375,74.72303009033203,89.29137420654297
34,4,26.531742095947266,20.694759368896484,36.179649353027344
34,5,35.938453674316406,30.390905380249023,44.38037109375
34,6,60.299415588378906,49.63847732543945,68.06597900390625
34,7,112.39810943603516,87.31355285644531,126.3875732421875
34,8,26.531742095947266,19.681730270385742,34.780704498291016
34,9,43.41558074951172,33.71942901611328,51.18214797973633
34,10,77.90684509277344,53.49763870239258,98.89103698730469
34,11,130.0055389404297,94.01885223388672,153.40170288085938
34,12,34.25006866455078,24.553922653198242,39.60466003417969
35,1,30.646432876586914,25.146867752075195,38.62289810180664
35,2,36.94364547729492,29.345006942749023,42.821041107177734
35,3,60.873050689697266,54.15602111816406,68.84951782226562
35,4,27.917640686035156,22.25014877319336,35.306365966796875
35,5,42.40122604370117,36.523826599121094,49.16023254394531
35,6,49.957881927490234,40.26017379760742,59.23577117919922
35,7,72.2080307006836,61.67069625854492,88.20294952392578
35,8,19.941171646118164,14.651514053344727,26.02847671508789
35,9,49.74797439575195,28.547359466552734,60.495216369628906
35,10,97.18697357177734,34.80259323120117,113.81161499023438
35,11,113.55972290039062,58.73199462890625,130.56219482421875
35,12,17.212379455566406,12.17461109161377,30.688413619995117
36,1,33.00473403930664,24.772966384887695,39.256221771240234
36,2,42.129573822021484,34.946189880371094,49.31295394897461
36,3,46.012481689453125,35.14033508300781,57.894187927246094
36,4,34.752044677734375,23.297460556030273,52.41928482055664
36,5,29.121824264526367,18.94860076904297,38.829097747802734
36,6,38.4408073425293,30.247867584228516,47.41033172607422
36,7,52.22513961791992,39.21739196777344,63.0584602355957
36,8,29.898405075073242,12.037020683288574,65.69883728027344
36,9,28.53938865661621,11.182781219482422,41.585968017578125
36,10,44.265174865722656,27.491004943847656,64.84459686279297
36,11,57.46706771850586,46.16779708862305,70.78544616699219
36,12,32.228153228759766,13.939647674560547,67.0966796875
37,1,36.79841232299805,29.335796356201172,44.77568435668945
37,2,45.29035186767578,36.02641296386719,56.149742126464844
37,3,64.07555389404297,32.37230682373047,82.34608459472656
37,4,40.14371871948242,22.13051414489746,85.69140625
37,5,40.91571807861328,29.284330368041992,48.89299011230469
37,6,55.06895065307617,35.51175308227539,64.38435363769531
37,7,128.15110778808594,55.99534225463867,147.19363403320312
37,8,21.101186752319336,8.749273300170898,145.70111083984375
37,9,33.9677619934082,14.925230026245117,44.827152252197266
37,10,46.319679260253906,34.43095779418945,110.85842895507812
37,11,88.00738525390625,42.974365234375,171.02255249023438
37,12,40.658382415771484,17.910276412963867,93.3598861694336
38,1,35.782005310058594,29.28887939453125,41.89112854003906
38,2,45.38205337524414,37.7020149230957,51.66572570800781
38,3,48.69843292236328,42.2053108215332,59.41558074951172
38,4,15.709174156188965,12.567338943481445,23.04012107849121
38,5,35.95655059814453,26.181955337524414,41.681671142578125
38,6,45.032962799072266,38.33038330078125,53.09700393676758
38,7,49.22207260131836,41.50712585449219,65.66434478759766
38,8,15.360081672668457,12.218246459960938,23.075031280517578
38,9,31.767438888549805,23.319395065307617,42.37985610961914
38,10,48.523887634277344,39.0634765625,56.58793258666992
38,11,52.71300506591797,42.484588623046875,66.01343536376953
38,12,16.407358169555664,12.218246459960938,24.192127227783203
39,1,32.193477630615234,24.55434799194336,42.61543273925781
39,2,53.473915100097656,44.68891525268555,61.658695220947266
39,3,109.94891357421875,99.30870056152344,119.00674438476562
39,4,29.73804473876953,19.58891487121582,42.06978225708008
39,5,39.28696060180664,31.59326171875,48.563045501708984
39,6,67.66087341308594,58.33021926879883,76.93695068359375
39,7,137.5043487548828,116.11478424072266,157.14781188964844
39,8,45.28913116455078,37.59543228149414,56.20217514038086
39,9,42.56086730957031,34.75804138183594,51.29130554199219
39,10,91.39674377441406,68.5339126586914,106.40217590332031
39,11,176.51849365234375,120.97108459472656,185.03065490722656
39,12,40.37826156616211,32.084346771240234,46.98065185546875
40,1,37.11662292480469,30.315149307250977,44.306758880615234
40,2,47.61033248901367,38.82671356201172,57.55991744995117
40,3,57.52105712890625,50.87504196166992,67.23744201660156
40,4,22.153379440307617,17.87816619873047,28.06094741821289
40,5,36.922298431396484,27.983217239379883,44.34562301635742
40,6,56.35508728027344,48.54310607910156,64.51686096191406
40,7,76.17652893066406,64.63345336914062,85.11561584472656
40,8,19.821443557739258,13.991608619689941,26.81724739074707
40,9,46.44436264038086,36.922298431396484,53.2458381652832
40,10,64.12820434570312,52.002140045166016,76.99270629882812
40,11,73.0672836303711,59.07567596435547,86.67023468017578
40,12,24.679641723632812,19.782577514648438,32.29729461669922
41,1,40.645790100097656,33.91020202636719,46.96330642700195
41,2,49.239471435546875,41.29612350463867,59.50543212890625
41,3,74.78825378417969,64.56873321533203,84.12517547607422
41,4,20.671287536621094,14.400222778320312,30.70499038696289
41,5,39.01995849609375,32.470176696777344,46.127166748046875
41,6,50.16851806640625,43.20066833496094,59.96995544433594
41,7,80.8270492553711,70.46818542480469,89.65299224853516
41,8,19.974502563476562,15.282816886901855,31.169511795043945
41,9,38.55543518066406,31.587583541870117,46.96330642700195
41,10,61.78160095214844,47.334922790527344,72.00110626220703
41,11,91.2788314819336,79.38702392578125,102.6596450805664
41,12,23.45842742919922,14.86474609375,32.563079833984375
42,1,40.6212158203125,31.704362869262695,48.547306060791016
42,2,46.5657844543457,40.12583541870117,57.95954132080078
42,3,60.188751220703125,49.983909606933594,80.79659271240234
42,4,21.549060821533203,14.811882972717285,30.763139724731445
42,5,40.6212158203125,32.199745178222656,48.1510009765625
42,6,52.262664794921875,44.58426284790039,64.05271911621094
42,7,67.86715698242188,55.87894058227539,95.757080078125
42,8,19.319847106933594,12.879898071289062,31.208982467651367
42,9,40.12583541870117,33.636348724365234,51.024208068847656
42,10,64.64717102050781,54.93771743774414,74.90155792236328
42,11,98.33306884765625,82.62950134277344,111.01480865478516
42,12,31.704362869262695,18.72538948059082,48.64638137817383
43,1,33.805015563964844,29.32217788696289,41.55812072753906
43,2,48.50284957885742,38.912513732910156,58.82807159423828
43,3,55.66804122924805,48.870296478271484,77.89851379394531
43,4,17.637399673461914,8.818699836730957,23.920724868774414
43,5,36.00969314575195,27.19099235534668,42.29301452636719
43,6,50.707523345947266,43.726051330566406,58.09318161010742
43,7,64.30301666259766,49.89914321899414,76.46546936035156
43,8,14.330388069152832,7.6796183586120605,22.414196014404297
43,9,35.82596969604492,24.61886978149414,46.07770538330078
43,10,49.42146301269531,41.888824462890625,56.58665466308594
43,11,55.85176467895508,48.09865951538086,74.22406005859375
43,12,17.637399673461914,9.55359172821045,24.61886978149414
44,1,30.806058883666992,26.362878799438477,37.32272720336914
44,2,23.10454559326172,16.558258056640625,28.46598243713379
44,3,28.28825569152832,21.919696807861328,36.73030090332031
44,4,20.438634872436523,15.106817245483398,24.58560562133789
44,5,39.099998474121094,34.3606071472168,44.165225982666016
44,6,42.06211853027344,36.700679779052734,47.12734603881836
44,7,40.284847259521484,34.65681838989258,48.6084098815918
44,8,10.071212768554688,7.079470157623291,14.51439380645752
44,9,42.654544830322266,37.53007507324219,50.71151351928711
44,10,67.83257293701172,63.98181915283203,72.89779663085938
44,11,42.06211853027344,35.812042236328125,48.6084098815918
44,12,9.92310619354248,6.190834045410156,13.092576026916504
45,1,38.641693115234375,30.110410690307617,47.1729736328125
45,2,56.20609664916992,33.12145233154297,69.25393676757812
45,3,111.65943908691406,89.2773666381836,132.03414916992188
45,4,37.136173248291016,25.443294525146484,46.16929626464844
45,5,44.16193771362305,32.569427490234375,56.80830383300781
45,6,67.24658203125,46.97223663330078,99.81600952148438
45,7,125.46003723144531,101.77318572998047,166.86184692382812
45,8,26.84844970703125,15.557044982910156,38.190032958984375
45,9,38.89261245727539,29.608570098876953,52.69321823120117
45,10,57.20977783203125,39.09334945678711,89.82939147949219
45,11,113.66679382324219,85.66411590576172,147.44064331054688
45,12,25.342927932739258,17.06256675720215,39.143531799316406
46,1,37.19972610473633,14.48831558227539,43.89567947387695
46,2,42.87757873535156,36.377418518066406,50.94404602050781
46,3,39.5491828918457,31.717662811279297,47.02828598022461
46,4,22.90719985961914,15.663043975830078,41.50706481933594
46,5,37.39551544189453,16.05461883544922,49.769317626953125
46,6,48.751220703125,39.04013442993164,57.6008415222168
46,7,47.772281646728516,41.076332092285156,68.56497192382812
46,8,23.690353393554688,14.44915771484375,45.85355758666992
46,9,27.997692108154297,15.663043975830078,43.464942932128906
46,10,51.88383102416992,26.11812400817871,68.6041259765625
46,11,53.64592361450195,42.2119026184082,78.82426452636719
46,12,25.45244598388672,14.840733528137207,57.170108795166016
47,1,39.518550872802734,31.224533081054688,48.44681930541992
47,2,53.66716766357422,43.90950012207031,62.449066162109375
47,3,113.18893432617188,64.88848876953125,124.41024780273438
47,4,31.712417602539062,20.978984832763672,42.44585037231445
47,5,41.22614288330078,33.12727737426758,51.27654266357422
47,6,59.27782440185547,52.15473175048828,68.84033966064453
47,7,120.01930236816406,107.2855453491211,130.85031127929688
47,8,32.444244384765625,21.418079376220703,40.54310607910156
47,9,43.90950012207031,35.957000732421875,54.69172286987305
47,10,58.54600143432617,49.2274284362793,67.86457061767578
47,11,113.43287658691406,101.96761322021484,124.9469223022461
47,12,32.20030212402344,23.41840171813965,40.00643539428711
48,1,25.98090362548828,20.44399070739746,31.546213150024414
48,2,36.344871520996094,29.501811981201172,40.0361442565918
48,3,38.47445297241211,33.391849517822266,43.443477630615234
48,4,11.07382869720459,7.6381025314331055,16.781108856201172
48,5,29.388235092163086,21.011878967285156,34.92515182495117
48,6,39.1843147277832,28.962318420410156,44.863197326660156
48,7,37.62261962890625,31.68818473815918,46.56686782836914
48,8,11.215801239013672,5.650492191314697,17.888490676879883
48,9,24.277236938476562,15.844093322753906,32.0857048034668
48,10,39.1843147277832,25.24264907836914,45.45948028564453
48,11,57.498722076416016,32.93754196166992,64.79608917236328
48,12,11.357772827148438,4.259165287017822,21.040273666381836
49,1,40.61172103881836,34.303104400634766,47.70891571044922
49,2,50.074649810791016,43.253456115722656,59.301002502441406
49,3,51.45465850830078,44.12089157104492,63.12559509277344
49,4,20.503005981445312,15.3378267288208,26.890480041503906
49,5,32.7259521484375,24.840179443359375,43.844886779785156
49,6,56.186119079589844,48.497493743896484,66.713623046875
49,7,82.40631103515625,71.7210922241211,90.33151245117188
49,8,15.3772554397583,9.06863784790039,22.513877868652344
49,9,47.11748504638672,38.955711364746094,57.605560302734375
49,10,59.537574768066406,47.31462860107422,76.49198150634766
49,11,64.663330078125,47.23577117919922,85.67890930175781
49,12,23.657316207885742,14.470391273498535,30.793935775756836
50,1,40.0751838684082,33.83396530151367,46.3492431640625
50,2,40.896392822265625,34.490936279296875,47.301856994628906
50,3,51.243675231933594,43.91845703125,55.87531280517578
50,4,17.409709930419922,12.810919761657715,23.35529136657715
50,5,38.43275833129883,32.8156623840332,45.659427642822266
50,6,40.23942565917969,32.520023345947266,48.38585662841797
50,7,41.55336380004883,34.09675216674805,49.962581634521484
50,8,19.052135467529297,13.467888832092285,24.70207977294922
50,9,32.1915397644043,25.621837615966797,39.74669647216797
50,10,52.557613372802734,44.31264114379883,59.817138671875
50,11,66.35398864746094,46.54633712768555,79.8218765258789
50,12,14.94607162475586,9.526068687438965,22.66547203063965
51,1,30.043516159057617,22.406286239624023,40.039302825927734
51,2,45.76722717285156,28.639612197875977,56.156105041503906
51,3,83.67259216308594,64.01795959472656,97.71161651611328
51,4,17.969953536987305,13.477465629577637,29.201175689697266
51,5,39.309268951416016,30.324296951293945,50.596649169921875
51,6,48.85580825805664,32.57054138183594,60.64859390258789
51,7,88.72663879394531,79.18009948730469,103.9449462890625
51,8,37.063026428222656,17.40839195251465,50.596649169921875
51,9,43.8017578125,31.952823638916016,55.08913803100586
51,10,108.94284057617188,40.32008361816406,129.88906860351562
51,11,139.54791259765625,83.5602798461914,179.25027465820312
51,12,21.900882720947266,14.039027214050293,30.492765426635742
52,1,28.806650161743164,23.563840866088867,38.14000701904297
52,2,55.30876541137695,29.382783889770508,61.7038459777832
52,3,90.452880859375,80.02487182617188,101.97554016113281
52,4,20.45272445678711,13.827193260192871,27.711999893188477
52,5,37.73671340942383,28.17290496826172,51.33345413208008
52,6,51.56390380859375,35.720245361328125,60.66680908203125
52,7,94.19775390625,81.23474884033203,104.85620880126953
52,8,40.329307556152344,20.04943084716797,51.275840759277344
52,9,43.786109924316406,32.20583724975586,56.51865005493164
52,10,110.6175308227539,48.33755874633789,130.2060546875
52,11,159.30078125,97.94261169433594,195.88522338867188
52,12,24.485652923583984,16.074111938476562,34.5679817199707
53,1,22.673398971557617,16.278337478637695,29.12659454345703
53,2,44.76542282104492,36.62625503540039,52.32322692871094
53,3,86.33332824707031,78.48483276367188,97.96070861816406
53,4,24.417505264282227,17.441076278686523,29.12659454345703
53,5,35.17283630371094,26.74298095703125,47.14904022216797
53,6,35.17283630371094,26.684844970703125,48.31177520751953
53,7,104.9371337890625,91.8563232421875,114.52972412109375
53,8,24.417505264282227,17.441076278686523,44.242191314697266
53,9,44.18405532836914,37.20762634277344,50.11402130126953
53,10,65.11334228515625,48.83501052856445,129.12208557128906
53,11,125.86642456054688,107.3788833618164,186.32879638671875
53,12,43.60268783569336,12.673848152160645,58.13691711425781
54,1,26.440204620361328,18.067472457885742,34.81293487548828
54,2,45.29109191894531,35.74324035644531,52.880409240722656
54,3,68.05904388427734,60.66558074951172,79.32061767578125
54,4,15.668270111083984,10.282302856445312,20.613567352294922
54,5,53.37004089355469,46.51517105102539,62.183441162109375
54,6,113.10531616210938,100.37484741210938,119.9601821899414
54,7,141.50405883789062,132.1520538330078,148.8485565185547
54,8,22.033504486083984,14.150406837463379,30.94483184814453
54,9,63.40752410888672,55.32857131958008,73.05329895019531
54,10,98.90594482421875,91.0228500366211,109.18824768066406
54,11,130.73211669921875,120.4008560180664,136.65667724609375
54,12,42.35328674316406,34.71501159667969,49.452972412109375
55,1,29.907447814941406,22.73915672302246,36.078826904296875
55,2,39.8765983581543,33.183021545410156,48.041805267333984
55,3,59.81489562988281,50.32046890258789,71.77787780761719
55,4,20.413021087646484,15.191085815429688,24.685514450073242
55,5,46.047977447509766,37.97771453857422,55.54240417480469
55,6,111.32217407226562,102.44488525390625,120.57923889160156
55,7,135.0582275390625,126.75061798095703,143.36585998535156
55,8,18.98885726928711,13.719449996948242,26.631872177124023
55,9,59.102813720703125,50.27299499511719,67.8851547241211
55,10,83.3135986328125,75.0059814453125,91.1465072631836
55,11,117.96827697753906,107.76175689697266,123.42755889892578
55,12,37.50299072265625,32.28105545043945,43.294593811035156
56,1,29.290851593017578,22.915786743164062,39.05447006225586
56,2,51.68973922729492,43.07478332519531,62.085121154785156
56,3,74.66295623779297,64.26757049560547,92.75436401367188
56,4,24.121877670288086,14.81772518157959,29.348285675048828
56,5,45.94643783569336,36.06795120239258,58.639137268066406
56,6,63.17634582519531,38.42270278930664,126.9270248413086
56,7,125.20403289794922,88.38945007324219,158.51519775390625
56,8,29.003686904907227,19.469802856445312,44.85520553588867
56,9,55.42288589477539,39.57136535644531,73.57172393798828
56,10,124.9168701171875,48.760650634765625,136.69064331054688
56,11,143.58261108398438,111.64983367919922,184.3600616455078
56,12,42.500450134277344,17.689376831054688,53.41272735595703
57,1,29.28980827331543,21.99304962158203,36.99765396118164
57,2,47.017852783203125,39.00169372558594,55.59925079345703
57,3,75.53687286376953,68.29150390625,88.43466186523438
57,4,18.49882698059082,11.818696022033691,24.1512451171875
57,5,38.79615020751953,30.779993057250977,46.760921478271484
57,6,44.44856643676758,35.40469741821289,64.28341674804688
57,7,90.18177795410156,76.56459045410156,115.20657348632812
57,8,28.77595329284668,17.471115112304688,38.539222717285156
57,9,40.59464645385742,31.345233917236328,55.03400802612305
57,10,78.87693786621094,48.096946716308594,108.42366790771484
57,11,124.0962905883789,95.01203155517578,141.87571716308594
57,12,21.58196449279785,15.929545402526855,39.053077697753906
58,1,34.473880767822266,29.142866134643555,42.3282356262207
58,2,49.75611114501953,28.787466049194336,59.38747787475586
58,3,66.28225708007812,47.232765197753906,78.25926208496094
58,4,18.12544059753418,12.4390287399292,25.624399185180664
58,5,42.648094177246094,33.69199752807617,51.9240608215332
58,6,58.285736083984375,43.92753982543945,80.00071716308594
58,7,71.25785827636719,57.21953201293945,81.77772521972656
58,8,18.125442504882812,11.017425537109375,28.147743225097656
58,9,39.09408950805664,32.305931091308594,46.912906646728516
58,10,58.81883239746094,42.93241882324219,74.02998352050781
58,11,80.3205795288086,57.112911224365234,91.37354278564453
58,12,18.65854263305664,12.794429779052734,24.878055572509766
59,1,30.83357810974121,24.632604598999023,36.349365234375
59,2,44.194793701171875,38.67900848388672,50.430030822753906
59,3,72.63021087646484,66.08663940429688,79.89322662353516
59,4,13.361218452453613,9.25007438659668,18.226072311401367
59,5,29.8057918548584,25.352052688598633,37.00029373168945
59,6,48.991127014160156,41.07717514038086,55.877296447753906
59,7,68.69036102294922,62.35234832763672,75.37096405029297
59,8,13.532515525817871,9.215814590454102,19.52793312072754
59,9,30.490983963012695,24.290008544921875,37.00029373168945
59,10,52.074485778808594,44.194793701171875,61.701416015625
59,11,71.25981903076172,62.35234832763672,79.17377471923828
59,12,16.444576263427734,11.237126350402832,21.58350372314453
60,1,33.49110794067383,28.444499969482422,39.45527267456055
60,2,68.35855865478516,60.972164154052734,76.2037353515625
60,3,137.40528869628906,128.87193298339844,145.0210723876953
60,4,14.222249984741211,6.881734848022461,21.654521942138672
60,5,30.509021759033203,24.682485580444336,37.620147705078125
60,6,68.12916564941406,57.760684967041016,76.1578598022461
60,7,117.90704345703125,98.59231567382812,128.04612731933594
60,8,15.598597526550293,11.010774612426758,23.489652633666992
60,9,30.509021759033203,23.856678009033203,35.830894470214844
60,10,58.26534652709961,50.007266998291016,81.84675598144531
60,11,98.17940521240234,89.37078857421875,141.4884490966797
60,12,24.315460205078125,20.186420440673828,30.32550811767578
61,1,40.15531921386719,32.332855224609375,47.50843811035156
61,2,64.92646026611328,52.619110107421875,78.32894897460938
61,3,155.4062957763672,134.02488708496094,170.58189392089844
61,4,26.07488250732422,15.071283340454102,37.13063430786133
61,5,36.50483322143555,29.151718139648438,46.413291931152344
61,6,65.44795227050781,45.265995025634766,87.14225769042969
61,7,133.50338745117188,84.43047332763672,173.13722229003906
61,8,29.725366592407227,17.67877197265625,41.77196502685547
61,9,38.06932830810547,29.203868865966797,49.02077865600586
61,10,92.82658386230469,55.53950119018555,110.08815002441406
61,11,169.4867401123047,120.41381072998047,186.27896118164062
61,12,28.943119049072266,18.773916244506836,36.556983947753906
62,1,30.610132217407227,26.18866729736328,39.453060150146484
62,2,42.854183197021484,36.73215866088867,46.93553161621094
62,3,43.53440856933594,39.07893371582031,57.17292404174805
62,4,18.706192016601562,15.951279640197754,22.447429656982422
62,5,32.99092102050781,27.549118041992188,47.2756462097168
62,6,43.53440856933594,39.112945556640625,49.04423522949219
62,7,51.69710922241211,42.48006057739258,58.839473724365234
62,8,17.685853958129883,14.284728050231934,23.841890335083008
62,9,34.69148254394531,25.814542770385742,43.22830581665039
62,10,49.31632614135742,43.19429397583008,69.07686614990234
62,11,61.730430603027344,53.703773498535156,90.81005859375
62,12,22.277374267578125,15.271055221557617,27.209007263183594
63,1,39.059478759765625,30.322490692138672,45.7921028137207
63,2,62.44377136230469,50.31477737426758,74.05883026123047
63,3,89.42565155029297,80.63726806640625,100.37258911132812
63,4,33.920074462890625,25.02890396118164,41.1666374206543
63,5,36.48978042602539,29.757156372070312,45.226768493652344
63,6,71.6947021484375,60.644981384277344,84.33763885498047
63,7,160.09246826171875,147.96347045898438,168.1099395751953
63,8,16.44609832763672,10.278810501098633,25.6970272064209
63,9,37.26068878173828,29.757156372070312,44.198883056640625
63,10,63.471656799316406,46.76858901977539,75.60064697265625
63,11,109.72630310058594,98.05984497070312,132.1855010986328
63,12,40.60129928588867,31.350372314453125,47.282527923583984
64,1,35.19319152832031,29.61803436279297,43.20748519897461
64,2,47.38885498046875,40.03661346435547,53.312461853027344
64,3,63.068992614746094,55.751590728759766,70.7696762084961
64,4,19.513057708740234,14.25150203704834,24.391321182250977
64,5,35.01896667480469,29.966480255126953,42.510589599609375
64,6,45.6466178894043,41.116798400878906,51.60506820678711
64,7,63.068992614746094,55.71674728393555,69.68949127197266
64,8,18.1192684173584,11.847213745117188,23.345979690551758
64,9,33.97362518310547,25.785112380981445,42.859039306640625
64,10,48.608421325683594,41.81369400024414,57.18022918701172
64,11,68.46992492675781,61.64035415649414,81.53670501708984
64,12,21.952190399169922,13.589451789855957,25.785112380981445
65,1,35.03446960449219,28.580753326416016,45.176029205322266
65,2,57.62248611450195,49.73973083496094,66.84208679199219
65,3,81.13245391845703,72.7887191772461,91.78109741210938
65,4,30.424673080444336,22.080936431884766,37.8464469909668
65,5,37.33937072753906,30.885652542114258,44.254066467285156
65,6,63.84571075439453,55.271488189697266,71.49797821044922
65,7,126.07799530029297,114.7378921508789,134.6522216796875
65,8,17.517234802246094,11.985477447509766,24.93901252746582
65,9,33.88201904296875,28.07367515563965,40.56623077392578
65,10,54.856605529785156,46.51287078857422,64.67547607421875
65,11,95.8838119506836,84.35932159423828,106.9934310913086
65,12,34.573490142822266,26.229755401611328,41.0272102355957
66,1,31.17094612121582,25.5601749420166,38.06136703491211
66,2,43.96744155883789,37.3723258972168,51.84220504760742
66,3,62.01377868652344,55.451473236083984,68.24796295166016
66,4,13.12460994720459,7.80914306640625,19.063495635986328
66,5,29.694429397583008,23.230560302734375,36.748905181884766
66,6,41.998748779296875,37.700443267822266,49.5453987121582
66,7,55.77958679199219,49.51258850097656,62.079402923583984
66,8,14.765186309814453,9.515342712402344,20.6712589263916
66,9,25.26487159729004,19.293176651000977,33.828678131103516
66,10,47.24859619140625,41.3425178527832,54.860870361328125
66,11,62.34189224243164,55.451473236083984,66.60739135742188
66,12,18.046337127685547,12.468379020690918,24.280527114868164
67,1,36.548213958740234,28.426387786865234,42.63957977294922
67,2,44.670040130615234,38.206417083740234,51.776634216308594
67,3,52.79186248779297,43.99321746826172,60.23686981201172
67,4,15.566831588745117,12.487306594848633,21.42131233215332
67,5,31.641277313232422,24.703886032104492,37.90184783935547
67,6,44.50083541870117,37.86800765991211,51.81047439575195
67,7,55.160728454589844,47.681880950927734,66.02367401123047
67,8,15.905240058898926,12.487306594848633,23.079519271850586
67,9,31.979686737060547,24.940773010253906,39.255489349365234
67,10,53.130271911621094,44.636199951171875,58.91706848144531
67,11,62.94414520263672,55.0592041015625,72.48728942871094
67,12,19.289335250854492,13.874784469604492,27.749568939208984
68,1,28.39887237548828,20.65372657775879,40.87716293334961
68,2,48.40716552734375,38.72573471069336,57.7443733215332
68,3,53.3554573059082,45.18002700805664,81.5391845703125
68,4,30.120014190673828,21.040983200073242,56.84077453613281
68,5,33.992591857910156,21.471269607543945,41.35047912597656
68,6,57.65831756591797,34.250762939453125,69.49118041992188
68,7,78.31204223632812,52.49488830566406,92.55451202392578
68,8,26.24744415283203,18.502296447753906,89.5425033569336
68,9,38.08030700683594,23.235441207885742,48.23505401611328
68,10,56.79774475097656,34.72407531738281,69.27603912353516
68,11,83.90576171875,56.79774475097656,98.5785140991211
68,12,33.132015228271484,23.192413330078125,89.67158508300781
69,1,38.57689666748047,29.265233993530273,45.67150115966797
69,2,48.11027145385742,41.6807861328125,58.973880767822266
69,3,76.26697540283203,58.48612594604492,90.01276397705078
69,4,32.36912536621094,23.500869750976562,45.494140625
69,5,39.24201965332031,31.92571258544922,48.775390625
69,6,45.67150115966797,37.11363983154297,55.470924377441406
69,7,85.13522338867188,74.04991149902344,92.31851196289062
69,8,29.265233993530273,20.796051025390625,44.60731506347656
69,9,42.34590530395508,32.768192291259766,51.48020935058594
69,10,66.73359680175781,47.223445892333984,75.02542114257812
69,11,81.36622619628906,72.23191833496094,92.71758270263672
69,12,30.59547233581543,20.751710891723633,45.98188781738281
70,1,43.21186447143555,35.888587951660156,50.17124938964844
70,2,54.12854766845703,44.9858283996582,66.91016387939453
70,3,85.96886444091797,74.55184173583984,95.52095794677734
70,4,26.836843490600586,19.468082427978516,33.20490646362305
70,5,40.482696533203125,33.159420013427734,49.170555114746094
70,6,55.493133544921875,48.62472152709961,67.36502838134766
70,7,95.06610107421875,87.65185546875,101.9800033569336
70,8,23.197948455810547,14.00974178314209,30.976083755493164
70,9,42.30214309692383,33.65977096557617,50.48965072631836
70,10,65.9549560546875,56.35736846923828,74.68830108642578
70,11,89.38033294677734,79.327880859375,99.75118255615234
70,12,22.060794830322266,16.28404998779297,31.840320587158203
71,1,36.965126037597656,29.478519439697266,44.45173645019531
71,2,66.20968627929688,37.71379089355469,76.7845230102539
71,3,112.5330810546875,83.24172973632812,140.88861083984375
71,4,29.01060676574707,16.33016586303711,42.62687683105469
71,5,42.1121711730957,32.192413330078125,53.38887405395508
71,6,56.149559020996094,34.157649993896484,85.25375366210938
71,7,95.22029876708984,80.90216064453125,138.1279296875
71,8,24.565433502197266,16.84486961364746,34.2512321472168
71,9,43.983821868896484,30.320764541625977,61.53055953979492
71,10,70.88882446289062,51.33005905151367,118.10124206542969
71,11,116.04242706298828,87.45294189453125,161.8979034423828
71,12,23.161693572998047,15.909043312072754,36.029300689697266
72,1,38.41984558105469,31.314239501953125,44.2034797668457
72,2,31.809978485107422,24.291257858276367,41.35297393798828
72,3,64.23963165283203,58.66255569458008,72.74983215332031
72,4,31.809978485107422,25.530607223510742,38.461158752441406
72,5,48.541202545166016,40.444114685058594,55.357627868652344
72,6,57.4232063293457,51.22645950317383,64.4461898803711
72,7,80.14462280273438,73.9478759765625,89.23319244384766
72,8,19.416481018066406,14.872199058532715,24.415191650390625
72,9,49.57399368286133,41.72477722167969,58.29075241088867
72,10,83.03643798828125,68.37080383300781,91.75320434570312
72,11,88.4069595336914,77.95510864257812,97.12371826171875
72,12,16.111549377441406,11.980382919311523,23.960763931274414
73,1,38.42967224121094,33.0673942565918,46.964637756347656
73,2,61.2193603515625,49.95857620239258,68.81592559814453
73,3,96.07418060302734,88.43293762207031,104.16229248046875
73,4,32.843963623046875,24.085575103759766,41.60235595703125
73,5,47.590232849121094,40.21710205078125,55.85708236694336
73,6,80.65763092041016,49.735145568847656,96.9678955078125
73,7,116.62959289550781,82.57910919189453,131.46524047851562
73,8,19.661693572998047,14.299413681030273,29.090370178222656
73,9,38.42967224121094,29.000999450683594,57.28702163696289
73,10,53.622798919677734,38.340301513671875,99.96183013916016
73,11,82.6684799194336,62.962100982666016,136.8275146484375
73,12,25.023975372314453,15.639984130859375,32.66522216796875
74,1,37.336944580078125,30.443967819213867,45.0694465637207
74,2,37.11601257324219,29.56025505065918,59.2972526550293
74,3,72.464599609375,63.14140701293945,88.76913452148438
74,4,26.51144027709961,18.999866485595703,31.857913970947266
74,5,42.41830062866211,37.07182693481445,49.532203674316406
74,6,45.51130294799805,37.51368713378906,61.46234893798828
74,7,73.12738037109375,67.16230773925781,98.97603607177734
74,8,21.209152221679688,16.304534912109375,30.4881534576416
74,9,42.19737243652344,30.88582420349121,55.32053756713867
74,10,46.17408752441406,32.60906982421875,92.87840270996094
74,11,78.42967224121094,60.93212127685547,115.41312408447266
74,12,21.65100860595703,15.023149490356445,30.4881534576416
75,1,38.087379455566406,28.916337966918945,45.65473937988281
75,2,89.70580291748047,80.03360748291016,100.22994232177734
75,3,155.85755920410156,147.83917236328125,165.88055419921875
75,4,26.560935974121094,18.542539596557617,35.08047866821289
75,5,37.58622741699219,31.02116584777832,45.6046257019043
75,6,48.61152267456055,40.09197998046875,59.686927795410156
75,7,105.2414321899414,92.96327209472656,120.32604217529297
75,8,22.802310943603516,15.034491539001465,34.128292083740234
75,9,40.09197998046875,31.07128143310547,49.162784576416016
75,10,54.124168395996094,42.99864196777344,91.81062316894531
75,11,102.48511505126953,88.10211944580078,156.9099578857422
75,12,45.6046257019043,20.547138214111328,64.14716339111328
76,1,35.3600959777832,25.840070724487305,43.565452575683594
76,2,83.86689758300781,73.84820556640625,94.7469253540039
76,3,136.6803741455078,128.15768432617188,144.7043914794922
76,4,22.666728973388672,14.91470718383789,29.512083053588867
76,5,35.3600959777832,29.421415328979492,41.752113342285156
76,6,38.30677032470703,33.09342575073242,48.597469329833984
76,7,93.84025573730469,84.22956085205078,100.2322769165039
76,8,16.773380279541016,10.834696769714355,25.432071685791016
76,9,34.000091552734375,28.560077667236328,40.800113677978516
76,10,42.38677978515625,32.1867561340332,65.73351287841797
76,11,75.70687103271484,68.86151885986328,121.22166442871094
76,12,46.693458557128906,22.440061569213867,54.944149017333984
77,1,40.547935485839844,34.920162200927734,47.53895950317383
77,2,46.14075469970703,40.128475189208984,53.131778717041016
77,3,49.985816955566406,43.65894317626953,56.31269454956055
77,4,18.17666244506836,12.898438453674316,25.517236709594727
77,5,41.596588134765625,33.207359313964844,48.273014068603516
77,6,46.14075469970703,39.84883499145508,52.46763229370117
77,7,44.917327880859375,35.968814849853516,51.76852798461914
77,8,18.526212692260742,13.94709300994873,24.119029998779297
77,9,33.03258514404297,25.13273048400879,42.05100631713867
77,10,49.63626480102539,42.22578048706055,58.4449577331543
77,11,51.03447341918945,41.596588134765625,57.01179885864258
77,12,14.50637435913086,10.486536026000977,19.959373474121094
78,1,36.736839294433594,28.930259704589844,44.54341506958008
78,2,78.52498626708984,67.45801544189453,85.45906829833984
78,3,124.67564392089844,115.21590423583984,132.390380859375
78,4,21.123682022094727,13.31710433959961,28.103681564331055
78,5,37.65525817871094,29.84868049621582,45.46183776855469
78,6,55.334861755371094,47.298675537109375,63.87617492675781
78,7,89.08683013916016,77.6065673828125,99.32722473144531
78,8,29.84868049621582,20.618549346923828,39.03289031982422
78,9,36.736839294433594,29.389469146728516,45.50775909423828
78,10,76.22894287109375,62.91183090209961,86.79077911376953
78,11,125.13484954833984,116.59353637695312,136.47735595703125
78,12,22.042102813720703,15.108024597167969,32.6957893371582
79,1,43.062625885009766,34.45009994506836,49.70656967163086
79,2,54.956111907958984,46.302574157714844,64.47090148925781
79,3,68.0799560546875,59.467437744140625,89.85734558105469
79,4,18.865530014038086,13.903077125549316,22.556612014770508
79,5,43.062625885009766,33.5068244934082,50.034671783447266
79,6,52.90550994873047,46.302574157714844,58.64719009399414
79,7,63.568634033203125,57.006710052490234,71.36091613769531
79,8,19.890830993652344,15.99468994140625,25.017335891723633
79,9,34.8602180480957,29.528657913208008,43.92387771606445
79,10,54.3409309387207,49.17341613769531,62.74839401245117
79,11,71.36091613769531,62.297264099121094,77.18462371826172
79,12,16.814929962158203,12.303607940673828,22.556612014770508
80,1,38.93917465209961,31.108074188232422,47.635589599609375
80,2,66.8455810546875,47.15966796875,81.33960723876953
80,3,91.29072570800781,67.88395690917969,122.52859497070312
80,4,17.955286026000977,12.979724884033203,26.868030548095703
80,5,38.290191650390625,30.242755889892578,46.29435348510742
80,6,53.21687316894531,43.611873626708984,64.07657623291016
80,7,72.0374755859375,61.826751708984375,83.07023620605469
80,8,19.685916900634766,13.412382125854492,28.252534866333008
80,9,37.42487335205078,28.122737884521484,44.996376037597656
80,10,58.40876007080078,48.457637786865234,69.26846313476562
80,11,82.20491790771484,69.57132720947266,90.85807037353516
80,12,16.44098472595215,10.773172378540039,24.748008728027344
81,1,40.29133224487305,32.79526901245117,47.31888961791992
81,2,82.45668029785156,71.68109130859375,89.99958801269531
81,3,110.0984115600586,100.25982666015625,118.10982513427734
81,4,12.415353775024414,8.90157413482666,19.255508422851562
81,5,40.52558135986328,33.17007827758789,48.255897521972656
81,6,59.49999237060547,52.42558288574219,68.40156555175781
81,7,77.77164459228516,72.00904846191406,84.37754821777344
81,8,24.362201690673828,17.756296157836914,30.031097412109375
81,9,46.14763259887695,39.82283020019531,52.519283294677734
81,10,74.96061706542969,66.9491958618164,82.97203063964844
81,11,112.44092559814453,101.14998626708984,121.81100463867188
81,12,12.181100845336914,7.02755880355835,22.066532135009766
82,1,36.6020622253418,30.32170867919922,44.802520751953125
82,2,43.402442932128906,35.56200408935547,51.642906188964844
82,3,50.802860260009766,44.76251983642578,59.68336486816406
82,4,22.201251983642578,16.800945281982422,29.601667404174805
82,5,38.80218505859375,30.32170867919922,47.60268020629883
82,6,44.802520751953125,38.762184143066406,56.56318664550781
82,7,50.802860260009766,42.00236892700195,61.283451080322266
82,8,21.201194763183594,14.360810279846191,28.801624298095703
82,9,37.20209503173828,29.961687088012695,44.442501068115234
82,10,45.602569580078125,36.3620491027832,54.88309097290039
82,11,50.40283966064453,39.92224884033203,60.80342483520508
82,12,22.801284790039062,16.400924682617188,28.84162712097168
83,1,40.00055694580078,33.39495849609375,46.64284896850586
83,2,48.4410400390625,41.79874801635742,55.78059005737305
83,3,66.42294311523438,58.716407775878906,73.46891021728516
83,4,19.816789627075195,12.477237701416016,25.725126266479492
83,5,37.79869079589844,29.688488006591797,43.340049743652344
83,6,47.34010696411133,40.29413986206055,53.98240280151367
83,7,52.66128158569336,44.77126693725586,63.5238151550293
83,8,22.01865577697754,15.009383201599121,29.39490509033203
83,9,31.19309425354004,22.38563346862793,38.93632125854492
83,10,59.08339309692383,50.42271423339844,65.32201385498047
83,11,77.248779296875,57.35859298706055,93.54258728027344
83,12,16.51399040222168,11.66988754272461,25.32145118713379
84,1,38.24867248535156,33.09154510498047,44.35126495361328
84,2,59.7366828918457,52.86052322387695,76.97007751464844
84,3,85.52230834960938,74.3485336303711,110.7922134399414
84,4,19.76897621154785,12.892810821533203,29.22370147705078
84,5,40.827232360839844,34.81058883666992,52.043975830078125
84,6,58.66228485107422,50.62576675415039,68.93355560302734
84,7,76.28245544433594,67.90213012695312,88.6165771484375
84,8,31.37250518798828,18.823503494262695,41.299964904785156
84,9,39.96771240234375,32.61880874633789,55.05229949951172
84,10,79.50566101074219,70.86747741699219,88.53062438964844
84,11,121.6221694946289,103.1424789428711,131.97940063476562
84,12,17.620174407958984,10.314248085021973,26.215381622314453
85,1,33.018943786621094,24.101417541503906,40.490379333496094
85,2,76.88351440429688,69.36388397216797,86.3312759399414
85,3,137.61907958984375,124.12229919433594,147.5488739013672
85,4,18.31707763671875,12.05070972442627,27.138195037841797
85,5,36.6341552734375,29.403730392456055,46.27471923828125
85,6,47.23877716064453,41.454437255859375,57.8916015625
85,7,86.28307342529297,78.57062530517578,94.47755432128906
85,8,14.942878723144531,9.158539772033691,25.595705032348633
85,9,40.73139190673828,36.6341552734375,49.16688919067383
85,10,49.16688919067383,42.418495178222656,76.20867919921875
85,11,87.97016906738281,79.4864730834961,127.78571319580078
85,12,47.72080612182617,22.655332565307617,57.84339904785156
86,1,38.3776741027832,32.62102127075195,45.32402801513672
86,2,47.588314056396484,39.145225524902344,55.37898254394531
86,3,65.43392944335938,57.451377868652344,73.30135345458984
86,4,22.259050369262695,15.351069450378418,30.01133918762207
86,5,37.6101188659668,29.93458366394043,45.669429779052734
86,6,50.082862854003906,41.79328918457031,58.75621795654297
86,7,61.21238708496094,51.426082611083984,71.3824691772461
86,8,25.713041305541992,18.037506103515625,31.12429428100586
86,9,37.6101188659668,29.89620590209961,44.172698974609375
86,10,59.677276611328125,50.27475357055664,68.42739868164062
86,11,66.58525848388672,51.003929138183594,92.22154998779297
86,12,22.642826080322266,14.199739456176758,30.01133918762207
87,1,30.786645889282227,22.535825729370117,37.76495361328125
87,2,66.08866882324219,55.785400390625,74.70893096923828
87,3,96.46482849121094,87.72142028808594,105.53662109375
87,4,16.009057998657227,10.672704696655273,24.259876251220703
87,5,35.71250915527344,29.1036434173584,41.50040054321289
87,6,40.22788619995117,32.79804229736328,49.25863265991211
87,7,71.83551025390625,56.64742660522461,84.19120788574219
87,8,23.808340072631836,15.968008995056152,33.24958038330078
87,9,34.48104476928711,26.189172744750977,43.142356872558594
87,10,56.44218444824219,45.97472381591797,69.41361999511719
87,11,91.74420166015625,82.87765502929688,105.53662109375
87,12,24.218828201293945,17.199474334716797,33.24958038330078
88,1,32.289337158203125,24.57273292541504,39.45866394042969
88,2,54.727691650390625,27.746938705444336,62.444297790527344
88,3,74.15602111816406,53.578407287597656,89.2608642578125
88,4,20.79652214050293,14.721750259399414,31.79678726196289
88,5,40.49848937988281,30.045501708984375,50.896751403808594
88,6,42.14031982421875,31.085329055786133,60.583553314208984
88,7,83.73336029052734,74.97693634033203,95.77345275878906
88,8,33.110252380371094,16.41830825805664,51.444026947021484
88,9,45.69762420654297,34.368988037109375,55.384422302246094
88,10,84.82791137695312,48.160369873046875,135.72467041015625
88,11,125.32640838623047,81.38007354736328,185.63632202148438
88,12,30.37386703491211,19.154693603515625,47.17526626586914
89,1,34.62020492553711,26.499414443969727,41.458763122558594
89,2,54.067352294921875,45.73286056518555,63.7268180847168
89,3,78.00230407714844,65.77838134765625,88.90126037597656
89,4,20.515676498413086,14.104527473449707,26.542156219482422
89,5,64.3251953125,55.56328582763672,72.70242309570312
89,6,104.50171661376953,91.4657211303711,114.11844635009766
89,7,112.83621978759766,101.5525894165039,122.7093734741211
89,8,19.660856246948242,13.249707221984863,26.542156219482422
89,9,65.607421875,55.947959899902344,73.08708953857422
89,10,90.61090087890625,81.63529205322266,97.44945526123047
89,11,113.26362609863281,104.24526977539062,119.67476654052734
89,12,39.108009338378906,31.97026252746582,45.390933990478516
90,1,27.540050506591797,18.36003303527832,37.68638229370117
90,2,55.56325912475586,47.30124282836914,64.26011657714844
90,3,83.82804870605469,65.6612777709961,94.7474365234375
90,4,15.70266056060791,9.614859580993652,24.68941307067871
90,5,53.147464752197266,46.334922790527344,62.90727233886719
90,6,108.7107162475586,97.54975128173828,115.04010009765625
90,7,140.1160430908203,130.45286560058594,147.84658813476562
90,8,22.225303649902344,14.929606437683105,28.071523666381836
90,9,66.434326171875,57.447574615478516,72.95697021484375
90,10,94.6991195678711,86.9202651977539,100.49701690673828
90,11,128.52023315429688,121.22453308105469,135.38108825683594
90,12,45.17534637451172,38.16954040527344,50.34514236450195
91,1,24.906795501708984,18.361520767211914,33.13182830810547
91,2,47.786293029785156,39.96671676635742,56.243019104003906
91,3,94.41413116455078,85.08856201171875,107.73636627197266
91,4,21.431428909301758,13.26431655883789,27.223705291748047
91,5,40.8355598449707,30.11984634399414,55.663787841796875
91,6,42.862857818603516,29.482694625854492,118.79961395263672
91,7,104.26100158691406,90.93875885009766,151.2363739013672
91,8,33.01598358154297,17.89813995361328,51.02996826171875
91,9,45.46937561035156,37.59188461303711,64.58389282226562
91,10,120.76898956298828,61.86153030395508,135.539306640625
91,11,175.21640014648438,123.20175170898438,190.0446319580078
91,12,21.431428909301758,9.84687328338623,47.49667739868164
92,1,26.519136428833008,19.02459716796875,35.281982421875
92,2,55.34428024291992,45.947288513183594,64.6259765625
92,3,87.62844848632812,78.40440368652344,99.15850830078125
92,4,21.330610275268555,12.683065414428711,30.612306594848633
92,5,35.74318313598633,28.248645782470703,49.579254150390625
92,6,42.084716796875,30.554656982421875,59.61040496826172
92,7,96.85249328613281,88.20494842529297,109.0167007446289
92,8,25.94263458251953,16.1420841217041,45.08252716064453
92,9,42.66122055053711,31.650012969970703,54.19127655029297
92,10,70.62161254882812,51.25111389160156,131.67327880859375
92,11,125.38938903808594,98.58200073242188,193.70498657226562
92,12,25.077880859375,14.9890775680542,38.222145080566406
93,1,25.708507537841797,21.05391502380371,33.01513671875
93,2,50.33454895019531,42.21607208251953,55.800987243652344
93,3,72.5250473022461,64.94780731201172,82.8084487915039
93,4,21.649269104003906,16.23695182800293,26.033246994018555
93,5,28.68528175354004,21.649269104003906,39.02280807495117
93,6,33.28575134277344,27.061586380004883,42.324317932128906
93,7,83.34968566894531,76.85489654541016,90.92692565917969
93,8,16.778182983398438,11.257620811462402,41.674842834472656
93,9,40.59238052368164,34.530582427978516,50.87578201293945
93,10,103.6458740234375,52.49947738647461,131.57342529296875
93,11,154.79226684570312,86.5970687866211,179.2018280029297
93,12,30.579593658447266,17.319416046142578,50.33454895019531
94,1,37.961143493652344,29.23008155822754,45.60760498046875
94,2,47.18027877807617,24.349363327026367,57.104408264160156
94,3,85.14141845703125,75.32575225830078,97.18053436279297
94,4,20.06517791748047,15.726760864257812,47.18027877807617
94,5,44.19761657714844,34.707332611083984,53.74213409423828
94,6,51.24754333496094,40.99803924560547,81.45377349853516
94,7,84.05681610107422,75.92228698730469,132.3217010498047
94,8,36.60539245605469,16.811365127563477,50.4340934753418
94,9,45.2822265625,27.657405853271484,56.3994140625
94,10,70.22811889648438,27.60317611694336,130.69479370117188
94,11,118.22184753417969,75.3799819946289,179.71890258789062
94,12,24.94589614868164,16.214832305908203,41.48611068725586
95,1,30.722900390625,21.145830154418945,37.29124450683594
95,2,50.00416564941406,40.1728401184082,56.0216178894043
95,3,73.73495483398438,62.547584533691406,84.79519653320312
95,4,19.916913986206055,13.094311714172363,27.12090301513672
95,5,45.3427619934082,38.56253433227539,53.4366569519043
95,6,90.47364807128906,76.19278717041016,100.47447204589844
95,7,116.11136627197266,101.66101837158203,124.6714096069336
95,8,22.45949935913086,15.636896133422852,30.977157592773438
95,9,57.84380340576172,48.73287582397461,67.42086791992188
95,10,83.48153686523438,71.99752807617188,90.6855239868164
95,11,111.44996643066406,100.77110290527344,122.08644104003906
95,12,33.90113067626953,24.959707260131836,42.37641143798828
96,1,30.830278396606445,25.93658447265625,42.67301940917969
96,2,42.57514572143555,36.21334457397461,52.3625373840332
96,3,50.89442825317383,43.50495147705078,60.877567291259766
96,4,18.596040725708008,15.610888481140137,22.510997772216797
96,5,62.39461135864258,52.851905822753906,70.07771301269531
96,6,106.68255615234375,100.32074737548828,114.5614013671875
96,7,139.47030639648438,131.64039611816406,145.8810577392578
96,8,21.77694320678711,15.561951637268066,29.411108016967773
96,9,63.37335205078125,50.845489501953125,73.99267578125
96,10,111.08687591552734,103.69740295410156,117.49761199951172
96,11,128.21481323242188,120.23809051513672,136.53408813476562
96,12,44.287940979003906,37.68144989013672,48.49652099609375
97,1,25.958797454833984,18.401905059814453,35.3039665222168
97,2,54.22504425048828,44.87987518310547,62.99334716796875
97,3,83.9334487915039,73.2614974975586,96.33598327636719
97,4,16.72900390625,9.748971939086914,27.11252212524414
97,5,47.30270004272461,32.88114547729492,55.955631256103516
97,6,55.95562744140625,38.64976501464844,120.62187194824219
97,7,105.56578063964844,89.35594940185547,150.04183959960938
97,8,31.727418899536133,19.555627822875977,45.05293273925781
97,9,55.37876510620117,41.3033332824707,71.5309066772461
97,10,117.67987823486328,96.04755401611328,133.25515747070312
97,11,154.59906005859375,129.62091064453125,181.76925659179688
97,12,25.958797454833984,12.69096851348877,49.14865493774414
98,1,29.909120559692383,23.153785705566406,38.72715377807617
98,2,40.73828125,33.982948303222656,48.98907470703125
98,3,51.05177307128906,45.379356384277344,60.901153564453125
98,4,23.205352783203125,17.017257690429688,29.909120559692383
98,5,28.61993408203125,21.658327102661133,41.408660888671875
98,6,32.229652404785156,25.783723831176758,41.30552673339844
98,7,83.28143310546875,73.74144744873047,95.45134735107422
98,8,17.017257690429688,10.777597427368164,28.929338455200195
98,9,33.77667999267578,26.247831344604492,42.8525505065918
98,10,37.902076721191406,29.909120559692383,78.43408966064453
98,11,81.4765625,71.11151123046875,128.14511108398438
98,12,42.02747344970703,19.0799560546875,49.5047492980957
99,1,35.84794998168945,26.110149383544922,46.01378631591797
99,2,41.465911865234375,25.093563079833984,55.10953140258789
99,3,82.39677429199219,70.09076690673828,92.61611938476562
99,4,18.72654151916504,13.911145210266113,29.42742156982422
99,5,41.73343276977539,27.822290420532227,55.10953140258789
99,6,46.548828125,31.99563217163086,57.41022491455078
99,7,78.1164321899414,69.55571746826172,88.87081146240234
99,8,29.962467193603516,17.014400482177734,47.190887451171875
99,9,39.0582160949707,27.822290420532227,56.76817321777344
99,10,60.45997619628906,32.10264205932617,126.80543518066406
99,11,94.16773986816406,72.76598358154297,176.19000244140625
99,12,21.936805725097656,14.392684936523438,33.226234436035156
100,1,28.817562103271484,22.03696060180664,41.813720703125
100,2,52.267147064208984,43.39585876464844,60.46037673950195
100,3,79.95460510253906,65.48932647705078,101.3700180053711
100,4,22.03696060180664,15.764902114868164,31.0777645111084
100,5,43.226341247558594,31.021259307861328,53.679771423339844
100,6,43.50886917114258,33.84651184082031,56.50502395629883
100,7,89.27793884277344,80.1241226196289,105.15584564208984
100,8,44.3564453125,19.15520477294922,55.43143081665039
100,9,46.899169921875,37.745357513427734,54.80987548828125
100,10,124.02853393554688,50.17646408081055,141.82760620117188
100,11,183.35882568359375,88.65637969970703,196.12893676757812
100,12,31.36029052734375,19.66374969482422,48.707332611083984
101,1,31.127565383911133,23.223873138427734,41.683868408203125
101,2,40.05982208251953,24.306570053100586,51.96949768066406
101,3,80.11964416503906,51.698822021484375,91.00076293945312
101,4,18.405864715576172,14.0750732421875,27.067447662353516
101,5,42.225215911865234,32.3726692199707,52.56498336791992
101,6,42.76656723022461,32.48093795776367,54.13489532470703
101,7,75.24750518798828,67.01900482177734,87.69853210449219
101,8,43.578590393066406,20.029911041259766,54.13489532470703
101,9,49.26275634765625,35.72903060913086,62.30926513671875
101,10,121.80351257324219,48.50486755371094,135.9868621826172
101,11,181.62257385253906,77.95425415039062,197.64651489257812
101,12,28.150146484375,19.434429168701172,37.40721130371094
102,1,37.59745788574219,31.45588493347168,44.48704528808594
102,2,59.05359649658203,47.99089431762695,70.51000213623047
102,3,79.72235870361328,68.46280670166016,89.09220123291016
102,4,20.078224182128906,15.747627258300781,27.204025268554688
102,5,42.518592834472656,35.432159423828125,49.60502243041992
102,6,64.36842346191406,51.888427734375,75.66734313964844
102,7,79.72235870361328,66.88804626464844,95.70619201660156
102,8,22.24352264404297,16.849960327148438,27.95203971862793
102,9,48.0302619934082,38.542320251464844,59.840980529785156
102,10,76.37598419189453,62.163753509521484,85.50961303710938
102,11,94.48575592041016,82.47818756103516,103.58001708984375
102,12,22.24352264404297,16.53500747680664,31.928314208984375
103,1,35.876747131347656,26.799497604370117,43.65724563598633
103,2,54.031246185302734,45.38624572753906,61.85496520996094
103,3,80.83074188232422,72.18574523925781,90.42668914794922
103,4,23.34149742126465,16.425498962402344,31.597471237182617
103,5,39.334747314453125,30.257495880126953,44.95399475097656
103,6,53.166744232177734,44.52174377441406,63.15171813964844
103,7,79.10174560546875,72.18574523925781,89.47573852539062
103,8,22.69312286376953,15.950023651123047,30.732973098754883
103,9,36.52511978149414,29.392995834350586,44.132720947265625
103,10,53.598995208740234,43.61402130126953,64.49169158935547
103,11,79.75011444091797,70.88899230957031,89.99443817138672
103,12,22.044748306274414,13.788773536682129,29.911697387695312
104,1,33.08039093017578,27.409465789794922,43.702117919921875
104,2,50.40821075439453,40.50659942626953,59.00461196899414
104,3,86.86414337158203,69.62633514404297,96.45071411132812
104,4,24.979068756103516,17.057777404785156,56.75424575805664
104,5,36.68097686767578,25.159099578857422,44.152191162109375
104,6,47.70777130126953,39.11137008666992,59.45468521118164
104,7,86.18903350830078,71.11157989501953,97.30584716796875
104,8,25.6541805267334,14.807412147521973,69.4463119506836
104,9,36.90601348876953,26.959392547607422,46.402557373046875
104,10,52.65857696533203,37.80615997314453,66.25079345703125
104,11,81.46327209472656,65.03559875488281,93.2101821899414
104,12,27.9045467376709,18.002933502197266,68.09609985351562
105,1,41.03519058227539,34.19599151611328,48.78628158569336
105,2,54.25764083862305,44.682762145996094,63.37656784057617
105,3,94.15296173095703,86.12830352783203,102.6335678100586
105,4,22.341381072998047,15.50218391418457,29.271766662597656
105,5,39.211402893066406,31.414716720581055,46.50654602050781
105,6,55.85345458984375,44.682762145996094,67.0241470336914
105,7,94.6089096069336,83.8941650390625,102.67916107177734
105,8,22.569355010986328,14.134343147277832,29.636526107788086
105,9,35.5638313293457,29.590930938720703,44.728355407714844
105,10,56.08142852783203,43.77086639404297,69.39506530761719
105,11,94.38093566894531,83.84857177734375,105.32365417480469
105,12,23.70922088623047,15.046236038208008,33.42088317871094
106,1,43.029937744140625,33.353553771972656,50.09455871582031
106,2,56.3028564453125,45.81297302246094,68.24848175048828
106,3,85.20356750488281,77.06855010986328,95.05120849609375
106,4,23.976882934570312,16.27002716064453,32.96821212768555
106,5,38.962432861328125,30.356447219848633,47.09744644165039
106,6,49.66640090942383,40.58943557739258,58.27238464355469
106,7,79.85157775878906,71.50248718261719,88.71446228027344
106,8,22.26424789428711,13.658260345458984,31.726552963256836
106,9,40.88914489746094,31.640920639038086,48.810081481933594
106,10,61.22667694091797,51.379032135009766,71.50248718261719
106,11,82.20645141601562,73.55764770507812,93.42420959472656
106,12,25.047279357910156,14.942736625671387,33.01102828979492
107,1,39.73680114746094,33.77627944946289,45.29995346069336
107,2,51.061790466308594,44.10784912109375,60.51914596557617
107,3,78.67887115478516,71.92361450195312,86.62622833251953
107,4,22.64997673034668,16.252351760864258,30.199968338012695
107,5,38.34601593017578,31.749704360961914,44.544952392578125
107,6,50.86310577392578,44.50521469116211,59.72441101074219
107,7,79.8709716796875,70.33413696289062,89.05016326904297
107,8,22.252609252929688,15.060247421264648,30.637073516845703
107,9,37.35259246826172,29.723127365112305,44.94232177734375
107,10,64.37361907958984,53.247314453125,73.5130844116211
107,11,90.79859161376953,79.07623291015625,102.9183120727539
107,12,23.047344207763672,15.497353553771973,30.597335815429688
108,1,43.55790328979492,34.58366012573242,50.78107452392578
108,2,62.16303253173828,51.17506408691406,73.23856353759766
108,3,76.39048767089844,69.12354278564453,85.84628295898438
108,4,28.673795700073242,20.13732147216797,38.129581451416016
108,5,45.52785873413086,35.809410095214844,52.532142639160156
108,6,65.2274169921875,49.90553665161133,74.20166015625
108,7,79.01710510253906,71.31238555908203,87.99134063720703
108,8,29.549331665039062,17.072948455810547,38.0858039855957
108,9,44.652320861816406,33.27035903930664,52.57592010498047
108,10,70.48062896728516,63.03857421875,80.1990737915039
108,11,86.24027252197266,75.73384094238281,97.3157958984375
108,12,26.703840255737305,17.466938018798828,33.31413650512695
109,1,44.31001281738281,37.06703186035156,51.63821029663086
109,2,59.009010314941406,49.763553619384766,69.02136993408203
109,3,81.59007263183594,72.77067565917969,90.75032043457031
109,4,27.906787872314453,20.834228515625,36.21491622924805
109,5,43.88395690917969,37.83393478393555,51.595603942871094
109,6,59.648094177246094,48.91143798828125,69.02136993408203
109,7,86.9157943725586,77.88336944580078,97.14118194580078
109,8,29.39798927307129,21.260286331176758,35.4054069519043
109,9,45.162132263183594,36.21491622924805,54.535404205322266
109,10,62.6305046081543,53.214622497558594,72.85588836669922
109,11,86.9157943725586,79.11894226074219,97.99330139160156
109,12,30.463138580322266,22.112401962280273,37.10963821411133
110,1,39.938758850097656,33.50959396362305,46.79653549194336
110,2,53.77120590209961,46.757572174072266,61.56413650512695
110,3,86.30668640136719,77.53964233398438,93.12549591064453
110,4,22.989139556884766,18.274417877197266,29.691057205200195
110,5,44.41969680786133,36.626766204833984,51.04368591308594
110,6,64.68131256103516,56.49873733520508,72.1235580444336
110,7,89.03421020507812,80.61785125732422,99.4377670288086
110,8,24.158079147338867,19.092676162719727,30.93792724609375
110,9,44.03004455566406,36.626766204833984,51.43333053588867
110,10,64.87612915039062,56.10908889770508,71.6949462890625
110,11,91.76173400878906,82.21539306640625,101.34703826904297
110,12,24.547725677490234,18.313383102416992,30.431386947631836
